-- Inventory Management System Backup
-- Date: 2026-04-01 18:18:11
-- Generated by: admin

SET FOREIGN_KEY_CHECKS=0;

DROP TABLE IF EXISTS `audit_logs`;
CREATE TABLE `audit_logs` (
  `id` int(11) unsigned NOT NULL AUTO_INCREMENT,
  `user_id` int(11) unsigned DEFAULT NULL,
  `action` varchar(50) NOT NULL,
  `entity` varchar(100) NOT NULL,
  `entity_id` varchar(100) DEFAULT NULL,
  `old_data` longtext CHARACTER SET utf8mb4 COLLATE utf8mb4_bin DEFAULT NULL CHECK (json_valid(`old_data`)),
  `new_data` longtext CHARACTER SET utf8mb4 COLLATE utf8mb4_bin DEFAULT NULL CHECK (json_valid(`new_data`)),
  `ip_address` varchar(45) NOT NULL,
  `user_agent` text DEFAULT NULL,
  `created_at` datetime DEFAULT NULL,
  PRIMARY KEY (`id`),
  KEY `user_id` (`user_id`),
  KEY `entity` (`entity`),
  CONSTRAINT `audit_logs_user_id_foreign` FOREIGN KEY (`user_id`) REFERENCES `users` (`id`) ON DELETE CASCADE ON UPDATE SET NULL
) ENGINE=InnoDB AUTO_INCREMENT=67 DEFAULT CHARSET=utf8mb4 COLLATE=utf8mb4_general_ci;

INSERT INTO `audit_logs` (`id`, `user_id`, `action`, `entity`, `entity_id`, `old_data`, `new_data`, `ip_address`, `user_agent`, `created_at`) VALUES ('1', NULL, 'login_failed', 'User', NULL, NULL, '{\"username\":\"admin@gmail.com\",\"reason\":\"Invalid credentials\",\"ip\":\"::1\"}', '::1', 'Mozilla/5.0 (Windows NT 10.0; Win64; x64) AppleWebKit/537.36 (KHTML, like Gecko) Chrome/146.0.0.0 Safari/537.36', NULL);
INSERT INTO `audit_logs` (`id`, `user_id`, `action`, `entity`, `entity_id`, `old_data`, `new_data`, `ip_address`, `user_agent`, `created_at`) VALUES ('2', NULL, 'login_failed', 'User', NULL, NULL, '{\"username\":\"admin@gmail.com\",\"reason\":\"Invalid credentials\",\"ip\":\"::1\"}', '::1', 'Mozilla/5.0 (Windows NT 10.0; Win64; x64) AppleWebKit/537.36 (KHTML, like Gecko) Chrome/146.0.0.0 Safari/537.36', NULL);
INSERT INTO `audit_logs` (`id`, `user_id`, `action`, `entity`, `entity_id`, `old_data`, `new_data`, `ip_address`, `user_agent`, `created_at`) VALUES ('3', NULL, 'login_failed', 'User', NULL, NULL, '{\"username\":\"admin\",\"reason\":\"Invalid credentials\",\"ip\":\"::1\"}', '::1', 'Mozilla/5.0 (Windows NT 10.0; Win64; x64) AppleWebKit/537.36 (KHTML, like Gecko) Chrome/146.0.0.0 Safari/537.36', NULL);
INSERT INTO `audit_logs` (`id`, `user_id`, `action`, `entity`, `entity_id`, `old_data`, `new_data`, `ip_address`, `user_agent`, `created_at`) VALUES ('4', '1', 'login_success', 'User', '1', NULL, '{\"ip\":\"::1\"}', '::1', 'Mozilla/5.0 (Windows NT 10.0; Win64; x64) AppleWebKit/537.36 (KHTML, like Gecko) Chrome/146.0.0.0 Safari/537.36', NULL);
INSERT INTO `audit_logs` (`id`, `user_id`, `action`, `entity`, `entity_id`, `old_data`, `new_data`, `ip_address`, `user_agent`, `created_at`) VALUES ('5', NULL, 'login_failed', 'User', NULL, NULL, '{\"username\":\"admin@gmail.com\",\"reason\":\"Invalid credentials\",\"ip\":\"::1\"}', '::1', 'Mozilla/5.0 (Windows NT 10.0; Win64; x64) AppleWebKit/537.36 (KHTML, like Gecko) Chrome/146.0.0.0 Safari/537.36', NULL);
INSERT INTO `audit_logs` (`id`, `user_id`, `action`, `entity`, `entity_id`, `old_data`, `new_data`, `ip_address`, `user_agent`, `created_at`) VALUES ('6', '1', 'login_success', 'User', '1', NULL, '{\"ip\":\"::1\"}', '::1', 'Mozilla/5.0 (Windows NT 10.0; Win64; x64) AppleWebKit/537.36 (KHTML, like Gecko) Chrome/146.0.0.0 Safari/537.36', NULL);
INSERT INTO `audit_logs` (`id`, `user_id`, `action`, `entity`, `entity_id`, `old_data`, `new_data`, `ip_address`, `user_agent`, `created_at`) VALUES ('7', '1', 'category_update', 'Category', '6', '{\"id\":\"6\",\"category_name\":\"Equipment\",\"description\":\"Printers, laminators\",\"parent_id\":null,\"created_at\":\"2026-03-22 13:31:48\",\"updated_at\":\"2026-03-22 13:31:48\",\"deleted_at\":null}', '{\"category_name\":\"Equipments\",\"description\":\"Printers, laminators\"}', '::1', 'Mozilla/5.0 (Windows NT 10.0; Win64; x64) AppleWebKit/537.36 (KHTML, like Gecko) Chrome/146.0.0.0 Safari/537.36', NULL);
INSERT INTO `audit_logs` (`id`, `user_id`, `action`, `entity`, `entity_id`, `old_data`, `new_data`, `ip_address`, `user_agent`, `created_at`) VALUES ('8', '1', 'category_delete', 'Category', '1', '{\"id\":\"1\",\"category_name\":\"ID Card Materials\",\"description\":\"PVC cards, ribbons, laminates\",\"parent_id\":null,\"created_at\":\"2026-03-22 13:31:48\",\"updated_at\":\"2026-03-22 13:31:48\",\"deleted_at\":null}', NULL, '::1', 'Mozilla/5.0 (Windows NT 10.0; Win64; x64) AppleWebKit/537.36 (KHTML, like Gecko) Chrome/146.0.0.0 Safari/537.36', NULL);
INSERT INTO `audit_logs` (`id`, `user_id`, `action`, `entity`, `entity_id`, `old_data`, `new_data`, `ip_address`, `user_agent`, `created_at`) VALUES ('9', '1', 'category_create', 'Category', '7', NULL, '{\"category_name\":\"test \",\"description\":\"test\"}', '::1', 'Mozilla/5.0 (Linux; Android 6.0.1; Moto G (4)) AppleWebKit/537.36 (KHTML, like Gecko) Chrome/146.0.0.0 Mobile Safari/537.36', NULL);
INSERT INTO `audit_logs` (`id`, `user_id`, `action`, `entity`, `entity_id`, `old_data`, `new_data`, `ip_address`, `user_agent`, `created_at`) VALUES ('10', '1', 'category_delete', 'Category', '7', '{\"id\":\"7\",\"category_name\":\"test \",\"description\":\"test\",\"parent_id\":null,\"created_at\":\"2026-03-23 11:01:55\",\"updated_at\":\"2026-03-23 11:01:55\",\"deleted_at\":null}', NULL, '::1', 'Mozilla/5.0 (Windows NT 10.0; Win64; x64) AppleWebKit/537.36 (KHTML, like Gecko) Chrome/146.0.0.0 Safari/537.36', NULL);
INSERT INTO `audit_logs` (`id`, `user_id`, `action`, `entity`, `entity_id`, `old_data`, `new_data`, `ip_address`, `user_agent`, `created_at`) VALUES ('11', '1', 'category_create', 'Category', '8', NULL, '{\"category_name\":\"Papetry\",\"description\":\"this has to do with paper materials\"}', '::1', 'Mozilla/5.0 (Windows NT 10.0; Win64; x64) AppleWebKit/537.36 (KHTML, like Gecko) Chrome/146.0.0.0 Safari/537.36', NULL);
INSERT INTO `audit_logs` (`id`, `user_id`, `action`, `entity`, `entity_id`, `old_data`, `new_data`, `ip_address`, `user_agent`, `created_at`) VALUES ('12', '1', 'customer_create', 'Customer', '1', NULL, '{\"customer_name\":\"Same G\",\"business_name\":\"Sethi Brother\",\"phone\":\"0775577736\",\"email\":\"testemail@gmail.com\",\"address\":\"New Georgia Gulf\",\"credit_limit\":\"500\",\"created_by\":\"1\"}', '::1', 'Mozilla/5.0 (Windows NT 10.0; Win64; x64) AppleWebKit/537.36 (KHTML, like Gecko) Chrome/146.0.0.0 Safari/537.36', NULL);
INSERT INTO `audit_logs` (`id`, `user_id`, `action`, `entity`, `entity_id`, `old_data`, `new_data`, `ip_address`, `user_agent`, `created_at`) VALUES ('13', '1', 'expense_create', 'Expense', '1', NULL, '{\"expense_category_id\":\"1\",\"amount\":\"200\",\"currency\":\"USD\",\"exchange_rate\":180,\"expense_date\":\"2026-03-23\",\"description\":\"Paid 200 Lrd for electricity this morning\",\"created_by\":\"1\",\"receipt_image\":\"uploads\\/receipts\\/1774277057_c6d3408211600e354b57.jpg\"}', '::1', 'Mozilla/5.0 (Windows NT 10.0; Win64; x64) AppleWebKit/537.36 (KHTML, like Gecko) Chrome/146.0.0.0 Safari/537.36', NULL);
INSERT INTO `audit_logs` (`id`, `user_id`, `action`, `entity`, `entity_id`, `old_data`, `new_data`, `ip_address`, `user_agent`, `created_at`) VALUES ('14', '1', 'expense_update', 'Expense', '1', '{\"id\":\"1\",\"expense_category_id\":\"1\",\"amount\":\"200.00\",\"currency\":\"USD\",\"exchange_rate\":\"180.0000\",\"expense_date\":\"2026-03-23\",\"description\":\"Paid 200 Lrd for electricity this morning\",\"receipt_image\":\"uploads\\/receipts\\/1774277057_c6d3408211600e354b57.jpg\",\"created_by\":\"1\",\"updated_by\":null,\"created_at\":\"2026-03-23 14:44:17\",\"updated_at\":\"2026-03-23 14:44:17\",\"deleted_at\":null}', '{\"expense_category_id\":\"1\",\"amount\":\"250.00\",\"currency\":\"USD\",\"exchange_rate\":180,\"expense_date\":\"2026-03-23\",\"description\":\"Paid 200 Lrd for electricity this morning\",\"updated_by\":\"1\"}', '::1', 'Mozilla/5.0 (Windows NT 10.0; Win64; x64) AppleWebKit/537.36 (KHTML, like Gecko) Chrome/146.0.0.0 Safari/537.36', NULL);
INSERT INTO `audit_logs` (`id`, `user_id`, `action`, `entity`, `entity_id`, `old_data`, `new_data`, `ip_address`, `user_agent`, `created_at`) VALUES ('15', '1', 'supplier_create', 'Supplier', '1', NULL, '{\"supplier_name\":\"Epiwave\",\"contact_person\":\"Mark\",\"phone\":\"0775577567\",\"email\":\"testemail@gmail.com\",\"address\":\"New Georgia Gulf\",\"tax_number\":\"\",\"payment_terms\":\"Net 300\",\"created_by\":\"1\"}', '::1', 'Mozilla/5.0 (Windows NT 10.0; Win64; x64) AppleWebKit/537.36 (KHTML, like Gecko) Chrome/146.0.0.0 Safari/537.36', NULL);
INSERT INTO `audit_logs` (`id`, `user_id`, `action`, `entity`, `entity_id`, `old_data`, `new_data`, `ip_address`, `user_agent`, `created_at`) VALUES ('16', '1', 'product_create', 'Product', '1', NULL, '{\"product_name\":\"PVC Card\",\"sku\":\"wzdit\",\"barcode\":\"sku-purhcase-1\",\"description\":\"This is a test product\",\"category_id\":\"3\",\"unit_id\":\"1\",\"supplier_id\":\"1\",\"purchase_price\":\"3000\",\"selling_price\":\"500\",\"quantity\":\"10\",\"minimum_stock\":\"2\",\"created_by\":\"1\",\"product_image\":\"uploads\\/products\\/1774281518_a363cd1741e540fbfbd8.png\"}', '::1', 'Mozilla/5.0 (Windows NT 10.0; Win64; x64) AppleWebKit/537.36 (KHTML, like Gecko) Chrome/146.0.0.0 Safari/537.36', NULL);
INSERT INTO `audit_logs` (`id`, `user_id`, `action`, `entity`, `entity_id`, `old_data`, `new_data`, `ip_address`, `user_agent`, `created_at`) VALUES ('17', '1', 'product_create', 'Product', '2', NULL, '{\"product_name\":\"Test Ribbon\",\"sku\":\"ITM-0005\",\"barcode\":\"2021-pc-productcard9\",\"description\":\"Another test product\",\"category_id\":\"2\",\"unit_id\":\"1\",\"supplier_id\":\"1\",\"purchase_price\":\"40\",\"selling_price\":\"30\",\"quantity\":\"35\",\"minimum_stock\":\"3\",\"created_by\":\"1\",\"product_image\":\"uploads\\/products\\/1774281764_1847d2b42d227cb43bee.jpg\"}', '::1', 'Mozilla/5.0 (Windows NT 10.0; Win64; x64) AppleWebKit/537.36 (KHTML, like Gecko) Chrome/146.0.0.0 Safari/537.36', NULL);
INSERT INTO `audit_logs` (`id`, `user_id`, `action`, `entity`, `entity_id`, `old_data`, `new_data`, `ip_address`, `user_agent`, `created_at`) VALUES ('18', NULL, 'login_failed', 'User', NULL, NULL, '{\"username\":\"admin@gmail.com\",\"reason\":\"Invalid credentials\",\"ip\":\"::1\"}', '::1', 'Mozilla/5.0 (Windows NT 10.0; Win64; x64) AppleWebKit/537.36 (KHTML, like Gecko) Chrome/146.0.0.0 Safari/537.36 Edg/146.0.0.0', NULL);
INSERT INTO `audit_logs` (`id`, `user_id`, `action`, `entity`, `entity_id`, `old_data`, `new_data`, `ip_address`, `user_agent`, `created_at`) VALUES ('19', NULL, 'login_failed', 'User', NULL, NULL, '{\"username\":\"Admin\",\"reason\":\"Invalid credentials\",\"ip\":\"::1\"}', '::1', 'Mozilla/5.0 (Windows NT 10.0; Win64; x64) AppleWebKit/537.36 (KHTML, like Gecko) Chrome/146.0.0.0 Safari/537.36 Edg/146.0.0.0', NULL);
INSERT INTO `audit_logs` (`id`, `user_id`, `action`, `entity`, `entity_id`, `old_data`, `new_data`, `ip_address`, `user_agent`, `created_at`) VALUES ('20', NULL, 'login_failed', 'User', NULL, NULL, '{\"username\":\"admin@innovativegraphics.com\",\"reason\":\"Invalid credentials\",\"ip\":\"::1\"}', '::1', 'Mozilla/5.0 (Windows NT 10.0; Win64; x64) AppleWebKit/537.36 (KHTML, like Gecko) Chrome/146.0.0.0 Safari/537.36 Edg/146.0.0.0', NULL);
INSERT INTO `audit_logs` (`id`, `user_id`, `action`, `entity`, `entity_id`, `old_data`, `new_data`, `ip_address`, `user_agent`, `created_at`) VALUES ('21', '1', 'login_success', 'User', '1', NULL, '{\"ip\":\"::1\"}', '::1', 'Mozilla/5.0 (Windows NT 10.0; Win64; x64) AppleWebKit/537.36 (KHTML, like Gecko) Chrome/146.0.0.0 Safari/537.36 Edg/146.0.0.0', NULL);
INSERT INTO `audit_logs` (`id`, `user_id`, `action`, `entity`, `entity_id`, `old_data`, `new_data`, `ip_address`, `user_agent`, `created_at`) VALUES ('22', '1', 'login_success', 'User', '1', NULL, '{\"ip\":\"::1\"}', '::1', 'Mozilla/5.0 (Windows NT 10.0; Win64; x64) AppleWebKit/537.36 (KHTML, like Gecko) Chrome/146.0.0.0 Safari/537.36', NULL);
INSERT INTO `audit_logs` (`id`, `user_id`, `action`, `entity`, `entity_id`, `old_data`, `new_data`, `ip_address`, `user_agent`, `created_at`) VALUES ('23', '1', 'login_success', 'User', '1', NULL, '{\"ip\":\"::1\"}', '::1', 'Mozilla/5.0 (Windows NT 10.0; Win64; x64) AppleWebKit/537.36 (KHTML, like Gecko) Chrome/146.0.0.0 Safari/537.36', NULL);
INSERT INTO `audit_logs` (`id`, `user_id`, `action`, `entity`, `entity_id`, `old_data`, `new_data`, `ip_address`, `user_agent`, `created_at`) VALUES ('24', '1', 'product_create', 'Product', '3', NULL, '{\"product_name\":\"PVC Card6\",\"sku\":\"ITM-00057\",\"barcode\":\"2021-pc-productcard\",\"description\":\"this is a test Product Image this is a test Product Image\",\"category_id\":\"2\",\"unit_id\":\"2\",\"supplier_id\":null,\"purchase_price\":\"87\",\"selling_price\":\"9\",\"quantity\":\"89\",\"minimum_stock\":\"8\",\"created_by\":\"1\",\"product_image\":\"uploads\\/products\\/1774773716_03fa408654508315d6e4.jpg\"}', '::1', 'Mozilla/5.0 (Windows NT 10.0; Win64; x64) AppleWebKit/537.36 (KHTML, like Gecko) Chrome/146.0.0.0 Safari/537.36', NULL);
INSERT INTO `audit_logs` (`id`, `user_id`, `action`, `entity`, `entity_id`, `old_data`, `new_data`, `ip_address`, `user_agent`, `created_at`) VALUES ('25', '1', 'product_create', 'Product', '4', NULL, '{\"product_name\":\"PVC Card0\",\"sku\":\"p0005\",\"barcode\":\"2021-pc0-productcard9\",\"description\":\"kjkj kjkj \",\"category_id\":\"2\",\"unit_id\":\"2\",\"supplier_id\":\"1\",\"purchase_price\":\"88\",\"selling_price\":\"90\",\"quantity\":\"80\",\"minimum_stock\":\"76\",\"created_by\":\"1\",\"product_image\":\"uploads\\/products\\/1774775483_199b431a0e3dfcceed36.jpg\"}', '::1', 'Mozilla/5.0 (Windows NT 10.0; Win64; x64) AppleWebKit/537.36 (KHTML, like Gecko) Chrome/146.0.0.0 Safari/537.36', NULL);
INSERT INTO `audit_logs` (`id`, `user_id`, `action`, `entity`, `entity_id`, `old_data`, `new_data`, `ip_address`, `user_agent`, `created_at`) VALUES ('26', '1', 'product_create', 'Product', '5', NULL, '{\"product_name\":\"PVC Card56\",\"sku\":\"adj\",\"barcode\":\"78\",\"description\":\"Description Description Description Description \",\"category_id\":\"2\",\"unit_id\":\"2\",\"supplier_id\":\"1\",\"purchase_price\":\"76\",\"selling_price\":\"87\",\"quantity\":\"67\",\"minimum_stock\":\"66\",\"created_by\":\"1\",\"product_image\":\"uploads\\/products\\/1774776163_19463f706c7b7b52a53b.jpg\"}', '::1', 'Mozilla/5.0 (Windows NT 10.0; Win64; x64) AppleWebKit/537.36 (KHTML, like Gecko) Chrome/146.0.0.0 Safari/537.36', NULL);
INSERT INTO `audit_logs` (`id`, `user_id`, `action`, `entity`, `entity_id`, `old_data`, `new_data`, `ip_address`, `user_agent`, `created_at`) VALUES ('27', '1', 'product_create', 'Product', '6', NULL, '{\"product_name\":\"dell computer \",\"sku\":\"23099\",\"barcode\":\"bhf\",\"description\":\"Description Description Description Description\",\"category_id\":\"4\",\"unit_id\":\"1\",\"supplier_id\":\"1\",\"purchase_price\":\"200\",\"selling_price\":\"300\",\"quantity\":\"93\",\"minimum_stock\":\"10\",\"created_by\":\"1\",\"product_image\":\"uploads\\/products\\/1774776951_5041420a1c1c80c9ca45.jpg\"}', '::1', 'Mozilla/5.0 (Windows NT 10.0; Win64; x64) AppleWebKit/537.36 (KHTML, like Gecko) Chrome/146.0.0.0 Safari/537.36', NULL);
INSERT INTO `audit_logs` (`id`, `user_id`, `action`, `entity`, `entity_id`, `old_data`, `new_data`, `ip_address`, `user_agent`, `created_at`) VALUES ('28', '1', 'product_create', 'Product', '7', NULL, '{\"product_name\":\"PVC Card90\",\"sku\":\"700005\",\"barcode\":\"2021-pc-productcard8\",\"description\":\"Description Description Description\",\"category_id\":\"2\",\"unit_id\":\"1\",\"supplier_id\":\"1\",\"purchase_price\":\"700\",\"selling_price\":\"300\",\"quantity\":0,\"minimum_stock\":0,\"created_by\":\"1\",\"product_image\":\"uploads\\/products\\/1774778749_39b3641baf81c5314453.jpg\"}', '::1', 'Mozilla/5.0 (Windows NT 10.0; Win64; x64) AppleWebKit/537.36 (KHTML, like Gecko) Chrome/146.0.0.0 Safari/537.36', NULL);
INSERT INTO `audit_logs` (`id`, `user_id`, `action`, `entity`, `entity_id`, `old_data`, `new_data`, `ip_address`, `user_agent`, `created_at`) VALUES ('29', '1', 'category_create', 'Category', '9', NULL, '{\"category_name\":\"Others\",\"description\":\"this too\"}', '::1', 'Mozilla/5.0 (Windows NT 10.0; Win64; x64) AppleWebKit/537.36 (KHTML, like Gecko) Chrome/146.0.0.0 Safari/537.36', NULL);
INSERT INTO `audit_logs` (`id`, `user_id`, `action`, `entity`, `entity_id`, `old_data`, `new_data`, `ip_address`, `user_agent`, `created_at`) VALUES ('30', '1', 'product_create', 'Product', '8', NULL, '{\"product_name\":\"PVC Card54\",\"sku\":\"ITM-090001\",\"barcode\":\"2021-pc-productcard99\",\"description\":\"This is the begining of unwanted winsdom\",\"category_id\":\"4\",\"unit_id\":\"2\",\"supplier_id\":\"1\",\"purchase_price\":\"67\",\"selling_price\":\"76\",\"quantity\":\"65\",\"minimum_stock\":\"21\",\"created_by\":\"1\",\"product_image\":\"uploads\\/products\\/1774779485_a0178cb7d755abf39fc0.jpg\"}', '::1', 'Mozilla/5.0 (Windows NT 10.0; Win64; x64) AppleWebKit/537.36 (KHTML, like Gecko) Chrome/146.0.0.0 Safari/537.36', NULL);
INSERT INTO `audit_logs` (`id`, `user_id`, `action`, `entity`, `entity_id`, `old_data`, `new_data`, `ip_address`, `user_agent`, `created_at`) VALUES ('31', '1', 'product_create', 'Product', '9', NULL, '{\"product_name\":\"PVC Card569\",\"sku\":\"ITM-00058\",\"barcode\":\"2021-pc-7productcard9\",\"description\":\"Description Description\",\"category_id\":\"2\",\"unit_id\":\"1\",\"supplier_id\":\"1\",\"purchase_price\":\"76\",\"selling_price\":\"90\",\"quantity\":\"76\",\"minimum_stock\":\"71\",\"created_by\":\"1\",\"product_image\":\"uploads\\/products\\/1774786759_c0e468f23edeba51f007.jpg\"}', '::1', 'Mozilla/5.0 (Windows NT 10.0; Win64; x64) AppleWebKit/537.36 (KHTML, like Gecko) Chrome/146.0.0.0 Safari/537.36', NULL);
INSERT INTO `audit_logs` (`id`, `user_id`, `action`, `entity`, `entity_id`, `old_data`, `new_data`, `ip_address`, `user_agent`, `created_at`) VALUES ('32', '1', 'product_create', 'Product', '10', NULL, '{\"product_name\":\"Test Ribbon\",\"sku\":\"ITM-000172\",\"barcode\":\"2021-pc-productcardb\",\"description\":\"this is the thing i\'ve been doing till now\",\"category_id\":\"2\",\"unit_id\":\"3\",\"supplier_id\":\"1\",\"purchase_price\":\"73\",\"selling_price\":\"89\",\"quantity\":\"3\",\"minimum_stock\":\"77\",\"created_by\":\"1\",\"product_image\":\"uploads\\/products\\/1774787210_6fb60b6d26a9160c1854.jpg\"}', '::1', 'Mozilla/5.0 (Windows NT 10.0; Win64; x64) AppleWebKit/537.36 (KHTML, like Gecko) Chrome/146.0.0.0 Safari/537.36', NULL);
INSERT INTO `audit_logs` (`id`, `user_id`, `action`, `entity`, `entity_id`, `old_data`, `new_data`, `ip_address`, `user_agent`, `created_at`) VALUES ('33', '1', 'product_create', 'Product', '11', NULL, '{\"product_name\":\"Test Ribbonnyt\",\"sku\":\"llki\",\"barcode\":\"2021-pc-productcard9y\",\"description\":\"Thank you bro it\'s bad Thank you bro it\'s bad\",\"category_id\":\"2\",\"unit_id\":\"2\",\"supplier_id\":\"1\",\"purchase_price\":\"87\",\"selling_price\":\"93\",\"quantity\":\"67\",\"minimum_stock\":\"8\",\"created_by\":\"1\",\"product_image\":\"uploads\\/products\\/1774787650_d9d7e1770316866ac9e9.jpg\"}', '::1', 'Mozilla/5.0 (Windows NT 10.0; Win64; x64) AppleWebKit/537.36 (KHTML, like Gecko) Chrome/146.0.0.0 Safari/537.36', NULL);
INSERT INTO `audit_logs` (`id`, `user_id`, `action`, `entity`, `entity_id`, `old_data`, `new_data`, `ip_address`, `user_agent`, `created_at`) VALUES ('34', '1', 'category_create', 'Category', '10', NULL, '{\"category_name\":\"Papertry\",\"description\":\"8888\"}', '::1', 'Mozilla/5.0 (Windows NT 10.0; Win64; x64) AppleWebKit/537.36 (KHTML, like Gecko) Chrome/146.0.0.0 Safari/537.36', NULL);
INSERT INTO `audit_logs` (`id`, `user_id`, `action`, `entity`, `entity_id`, `old_data`, `new_data`, `ip_address`, `user_agent`, `created_at`) VALUES ('35', '1', 'purchase_create', 'Purchase', '1', NULL, '{\"purchase_number\":\"PO-202603-0001\",\"supplier_id\":\"1\",\"supplier_name\":\"Epiwave\",\"invoice_number\":null,\"purchase_date\":\"2026-03-20\",\"subtotal\":27136,\"tax\":0,\"discount\":0,\"total_amount\":27136,\"currency\":\"USD\",\"exchange_rate\":1,\"payment_status\":\"Paid\",\"payment_method\":null,\"notes\":\"This is very good\",\"status\":\"Draft\",\"created_by\":\"1\"}', '::1', 'Mozilla/5.0 (Windows NT 10.0; Win64; x64) AppleWebKit/537.36 (KHTML, like Gecko) Chrome/146.0.0.0 Safari/537.36', NULL);
INSERT INTO `audit_logs` (`id`, `user_id`, `action`, `entity`, `entity_id`, `old_data`, `new_data`, `ip_address`, `user_agent`, `created_at`) VALUES ('36', '1', 'purchase_create', 'Purchase', '2', NULL, '{\"purchase_number\":\"PO-202603-0002\",\"supplier_id\":\"1\",\"supplier_name\":\"Epiwave\",\"invoice_number\":null,\"purchase_date\":\"2026-03-29\",\"subtotal\":5004,\"tax\":0,\"discount\":0,\"total_amount\":5004,\"currency\":\"LRD\",\"exchange_rate\":1,\"payment_status\":\"Partial\",\"payment_method\":null,\"notes\":\"\",\"status\":\"Draft\",\"created_by\":\"1\"}', '::1', 'Mozilla/5.0 (Windows NT 10.0; Win64; x64) AppleWebKit/537.36 (KHTML, like Gecko) Chrome/146.0.0.0 Safari/537.36', NULL);
INSERT INTO `audit_logs` (`id`, `user_id`, `action`, `entity`, `entity_id`, `old_data`, `new_data`, `ip_address`, `user_agent`, `created_at`) VALUES ('37', '1', 'purchase_receive', 'Purchase', '1', '{\"id\":\"1\",\"purchase_number\":\"PO-202603-0001\",\"supplier_id\":\"1\",\"supplier_name\":\"Epiwave\",\"invoice_number\":null,\"purchase_date\":\"2026-03-20\",\"subtotal\":\"27136.00\",\"tax\":\"0.00\",\"discount\":\"0.00\",\"total_amount\":\"27136.00\",\"currency\":\"USD\",\"exchange_rate\":\"1.0000\",\"payment_status\":\"Paid\",\"payment_method\":null,\"notes\":\"This is very good\",\"status\":\"Draft\",\"created_by\":\"1\",\"updated_by\":null,\"created_at\":\"2026-03-29 13:43:45\",\"updated_at\":\"2026-03-29 13:43:45\",\"deleted_at\":null}', '{\"status\":\"Received\",\"updated_by\":\"1\"}', '::1', 'Mozilla/5.0 (Windows NT 10.0; Win64; x64) AppleWebKit/537.36 (KHTML, like Gecko) Chrome/146.0.0.0 Safari/537.36', NULL);
INSERT INTO `audit_logs` (`id`, `user_id`, `action`, `entity`, `entity_id`, `old_data`, `new_data`, `ip_address`, `user_agent`, `created_at`) VALUES ('38', '1', 'sale_create', 'Sale', '1', NULL, '{\"invoice_number\":\"INV-202603-0001\",\"total\":30}', '::1', 'Mozilla/5.0 (Windows NT 10.0; Win64; x64) AppleWebKit/537.36 (KHTML, like Gecko) Chrome/146.0.0.0 Safari/537.36', NULL);
INSERT INTO `audit_logs` (`id`, `user_id`, `action`, `entity`, `entity_id`, `old_data`, `new_data`, `ip_address`, `user_agent`, `created_at`) VALUES ('39', '1', 'sale_create', 'Sale', '2', NULL, '{\"invoice_number\":\"INV-202603-0002\",\"total\":269}', '::1', 'Mozilla/5.0 (Windows NT 10.0; Win64; x64) AppleWebKit/537.36 (KHTML, like Gecko) Chrome/146.0.0.0 Safari/537.36', NULL);
INSERT INTO `audit_logs` (`id`, `user_id`, `action`, `entity`, `entity_id`, `old_data`, `new_data`, `ip_address`, `user_agent`, `created_at`) VALUES ('40', '1', 'sale_create', 'Sale', '3', NULL, '{\"invoice_number\":\"INV-202603-0003\",\"total\":196}', '::1', 'Mozilla/5.0 (Windows NT 10.0; Win64; x64) AppleWebKit/537.36 (KHTML, like Gecko) Chrome/146.0.0.0 Safari/537.36', NULL);
INSERT INTO `audit_logs` (`id`, `user_id`, `action`, `entity`, `entity_id`, `old_data`, `new_data`, `ip_address`, `user_agent`, `created_at`) VALUES ('41', '1', 'customer_create', 'Customer', '2', NULL, '{\"customer_name\":\"Tommy\",\"business_name\":\"Tommy Business Center\",\"phone\":\"0776677746\",\"email\":\"tommy@mail.com\",\"address\":\"please tell tommy my address\",\"credit_limit\":\"2\",\"created_by\":\"1\"}', '::1', 'Mozilla/5.0 (Windows NT 10.0; Win64; x64) AppleWebKit/537.36 (KHTML, like Gecko) Chrome/146.0.0.0 Safari/537.36', NULL);
INSERT INTO `audit_logs` (`id`, `user_id`, `action`, `entity`, `entity_id`, `old_data`, `new_data`, `ip_address`, `user_agent`, `created_at`) VALUES ('42', '1', 'production_update', 'ProductionJob', '6', NULL, '{\"job_reference\":\"JOB-202603-0006\",\"total_cost\":0}', '::1', 'Mozilla/5.0 (Windows NT 10.0; Win64; x64) AppleWebKit/537.36 (KHTML, like Gecko) Chrome/146.0.0.0 Safari/537.36', NULL);
INSERT INTO `audit_logs` (`id`, `user_id`, `action`, `entity`, `entity_id`, `old_data`, `new_data`, `ip_address`, `user_agent`, `created_at`) VALUES ('43', '1', 'production_complete', 'ProductionJob', '7', NULL, '{\"job_reference\":\"JOB-202603-0007\",\"status\":\"Completed\"}', '::1', 'Mozilla/5.0 (Windows NT 10.0; Win64; x64) AppleWebKit/537.36 (KHTML, like Gecko) Chrome/146.0.0.0 Safari/537.36', NULL);
INSERT INTO `audit_logs` (`id`, `user_id`, `action`, `entity`, `entity_id`, `old_data`, `new_data`, `ip_address`, `user_agent`, `created_at`) VALUES ('44', '1', 'production_delete', 'ProductionJob', '6', '{\"job_reference\":\"JOB-202603-0006\",\"status\":\"Draft\"}', NULL, '::1', 'Mozilla/5.0 (Windows NT 10.0; Win64; x64) AppleWebKit/537.36 (KHTML, like Gecko) Chrome/146.0.0.0 Safari/537.36', NULL);
INSERT INTO `audit_logs` (`id`, `user_id`, `action`, `entity`, `entity_id`, `old_data`, `new_data`, `ip_address`, `user_agent`, `created_at`) VALUES ('45', '1', 'production_delete', 'ProductionJob', '4', '{\"job_reference\":\"JOB-202603-0004\",\"status\":\"Draft\"}', NULL, '::1', 'Mozilla/5.0 (Windows NT 10.0; Win64; x64) AppleWebKit/537.36 (KHTML, like Gecko) Chrome/146.0.0.0 Safari/537.36', NULL);
INSERT INTO `audit_logs` (`id`, `user_id`, `action`, `entity`, `entity_id`, `old_data`, `new_data`, `ip_address`, `user_agent`, `created_at`) VALUES ('46', '1', 'production_cancel', 'ProductionJob', '2', NULL, '{\"job_reference\":\"JOB-202603-0002\",\"status\":\"Cancelled\"}', '::1', 'Mozilla/5.0 (Windows NT 10.0; Win64; x64) AppleWebKit/537.36 (KHTML, like Gecko) Chrome/146.0.0.0 Safari/537.36', NULL);
INSERT INTO `audit_logs` (`id`, `user_id`, `action`, `entity`, `entity_id`, `old_data`, `new_data`, `ip_address`, `user_agent`, `created_at`) VALUES ('47', '1', 'production_complete', 'ProductionJob', '5', NULL, '{\"job_reference\":\"JOB-202603-0005\",\"status\":\"Completed\"}', '::1', 'Mozilla/5.0 (Windows NT 10.0; Win64; x64) AppleWebKit/537.36 (KHTML, like Gecko) Chrome/146.0.0.0 Safari/537.36', NULL);
INSERT INTO `audit_logs` (`id`, `user_id`, `action`, `entity`, `entity_id`, `old_data`, `new_data`, `ip_address`, `user_agent`, `created_at`) VALUES ('48', '1', 'production_delete', 'ProductionJob', '1', '{\"job_reference\":\"JOB-202603-0001\",\"status\":\"Draft\"}', NULL, '::1', 'Mozilla/5.0 (Windows NT 10.0; Win64; x64) AppleWebKit/537.36 (KHTML, like Gecko) Chrome/146.0.0.0 Safari/537.36', NULL);
INSERT INTO `audit_logs` (`id`, `user_id`, `action`, `entity`, `entity_id`, `old_data`, `new_data`, `ip_address`, `user_agent`, `created_at`) VALUES ('49', '1', 'bom_create', 'BomTemplate', '1', NULL, '{\"template_name\":\"test template\",\"item_count\":2}', '::1', 'Mozilla/5.0 (Windows NT 10.0; Win64; x64) AppleWebKit/537.36 (KHTML, like Gecko) Chrome/146.0.0.0 Safari/537.36', NULL);
INSERT INTO `audit_logs` (`id`, `user_id`, `action`, `entity`, `entity_id`, `old_data`, `new_data`, `ip_address`, `user_agent`, `created_at`) VALUES ('50', '1', 'bom_create', 'BomTemplate', '2', NULL, '{\"template_name\":\"Admin notihing\",\"item_count\":2}', '::1', 'Mozilla/5.0 (Windows NT 10.0; Win64; x64) AppleWebKit/537.36 (KHTML, like Gecko) Chrome/146.0.0.0 Safari/537.36', NULL);
INSERT INTO `audit_logs` (`id`, `user_id`, `action`, `entity`, `entity_id`, `old_data`, `new_data`, `ip_address`, `user_agent`, `created_at`) VALUES ('51', '1', 'bom_create', 'BomTemplate', '3', NULL, '{\"template_name\":\"test template again\",\"item_count\":2}', '::1', 'Mozilla/5.0 (Windows NT 10.0; Win64; x64) AppleWebKit/537.36 (KHTML, like Gecko) Chrome/146.0.0.0 Safari/537.36', NULL);
INSERT INTO `audit_logs` (`id`, `user_id`, `action`, `entity`, `entity_id`, `old_data`, `new_data`, `ip_address`, `user_agent`, `created_at`) VALUES ('52', '1', 'bom_delete', 'BomTemplate', '1', '{\"template_name\":\"test template\"}', NULL, '::1', 'Mozilla/5.0 (Windows NT 10.0; Win64; x64) AppleWebKit/537.36 (KHTML, like Gecko) Chrome/146.0.0.0 Safari/537.36', NULL);
INSERT INTO `audit_logs` (`id`, `user_id`, `action`, `entity`, `entity_id`, `old_data`, `new_data`, `ip_address`, `user_agent`, `created_at`) VALUES ('53', '1', 'bom_delete', 'BomTemplate', '3', '{\"template_name\":\"test template again\"}', NULL, '::1', 'Mozilla/5.0 (Windows NT 10.0; Win64; x64) AppleWebKit/537.36 (KHTML, like Gecko) Chrome/146.0.0.0 Safari/537.36', NULL);
INSERT INTO `audit_logs` (`id`, `user_id`, `action`, `entity`, `entity_id`, `old_data`, `new_data`, `ip_address`, `user_agent`, `created_at`) VALUES ('54', '1', 'bom_update', 'BomTemplate', '2', NULL, '{\"template_name\":\"Admin notihing\",\"item_count\":2}', '::1', 'Mozilla/5.0 (Windows NT 10.0; Win64; x64) AppleWebKit/537.36 (KHTML, like Gecko) Chrome/146.0.0.0 Safari/537.36', NULL);
INSERT INTO `audit_logs` (`id`, `user_id`, `action`, `entity`, `entity_id`, `old_data`, `new_data`, `ip_address`, `user_agent`, `created_at`) VALUES ('55', '1', 'production_complete', 'ProductionJob', '3', NULL, '{\"job_reference\":\"JOB-202603-0003\",\"status\":\"Completed\"}', '::1', 'Mozilla/5.0 (Windows NT 10.0; Win64; x64) AppleWebKit/537.36 (KHTML, like Gecko) Chrome/146.0.0.0 Safari/537.36', NULL);
INSERT INTO `audit_logs` (`id`, `user_id`, `action`, `entity`, `entity_id`, `old_data`, `new_data`, `ip_address`, `user_agent`, `created_at`) VALUES ('56', '1', 'login_success', 'User', '1', NULL, '{\"ip\":\"::1\"}', '::1', 'Mozilla/5.0 (Windows NT 10.0; Win64; x64) AppleWebKit/537.36 (KHTML, like Gecko) Chrome/146.0.0.0 Safari/537.36', NULL);
INSERT INTO `audit_logs` (`id`, `user_id`, `action`, `entity`, `entity_id`, `old_data`, `new_data`, `ip_address`, `user_agent`, `created_at`) VALUES ('57', NULL, 'login_failed', 'User', NULL, NULL, '{\"username\":\"cleark.headiffice@mia.gov.lr\",\"reason\":\"Invalid credentials\",\"ip\":\"::1\"}', '::1', 'Mozilla/5.0 (Windows NT 10.0; Win64; x64) AppleWebKit/537.36 (KHTML, like Gecko) Chrome/146.0.0.0 Safari/537.36 Edg/146.0.0.0', NULL);
INSERT INTO `audit_logs` (`id`, `user_id`, `action`, `entity`, `entity_id`, `old_data`, `new_data`, `ip_address`, `user_agent`, `created_at`) VALUES ('58', '1', 'login_success', 'User', '1', NULL, '{\"ip\":\"::1\"}', '::1', 'Mozilla/5.0 (Windows NT 10.0; Win64; x64) AppleWebKit/537.36 (KHTML, like Gecko) Chrome/146.0.0.0 Safari/537.36 Edg/146.0.0.0', NULL);
INSERT INTO `audit_logs` (`id`, `user_id`, `action`, `entity`, `entity_id`, `old_data`, `new_data`, `ip_address`, `user_agent`, `created_at`) VALUES ('59', '1', 'expense_create', 'Expense', '2', NULL, '{\"expense_category_id\":\"2\",\"amount\":\"35\",\"currency\":\"USD\",\"exchange_rate\":180,\"expense_date\":\"2026-03-31\",\"description\":\"this is actually working\",\"created_by\":\"1\"}', '::1', 'Mozilla/5.0 (Windows NT 10.0; Win64; x64) AppleWebKit/537.36 (KHTML, like Gecko) Chrome/146.0.0.0 Safari/537.36 Edg/146.0.0.0', NULL);
INSERT INTO `audit_logs` (`id`, `user_id`, `action`, `entity`, `entity_id`, `old_data`, `new_data`, `ip_address`, `user_agent`, `created_at`) VALUES ('60', '1', 'expense_update', 'Expense', '2', '{\"id\":\"2\",\"expense_category_id\":\"2\",\"amount\":\"35.00\",\"currency\":\"USD\",\"exchange_rate\":\"180.0000\",\"expense_date\":\"2026-03-31\",\"description\":\"this is actually working\",\"receipt_image\":null,\"created_by\":\"1\",\"updated_by\":null,\"created_at\":\"2026-03-31 18:50:18\",\"updated_at\":\"2026-03-31 18:50:18\",\"deleted_at\":null}', '{\"expense_category_id\":\"3\",\"amount\":\"35.00\",\"currency\":\"USD\",\"exchange_rate\":180,\"expense_date\":\"2026-03-31\",\"description\":\"this is actually working\",\"updated_by\":\"1\"}', '::1', 'Mozilla/5.0 (Windows NT 10.0; Win64; x64) AppleWebKit/537.36 (KHTML, like Gecko) Chrome/146.0.0.0 Safari/537.36 Edg/146.0.0.0', NULL);
INSERT INTO `audit_logs` (`id`, `user_id`, `action`, `entity`, `entity_id`, `old_data`, `new_data`, `ip_address`, `user_agent`, `created_at`) VALUES ('61', '1', 'expense_create', 'Expense', '3', NULL, '{\"expense_category_id\":\"9\",\"amount\":\"34\",\"currency\":\"USD\",\"exchange_rate\":180,\"expense_date\":\"2026-03-31\",\"description\":\"75\",\"created_by\":\"1\",\"receipt_image\":\"uploads\\/receipts\\/1774983318_2deb45901b11ec67adc0.png\"}', '::1', 'Mozilla/5.0 (Windows NT 10.0; Win64; x64) AppleWebKit/537.36 (KHTML, like Gecko) Chrome/146.0.0.0 Safari/537.36 Edg/146.0.0.0', NULL);
INSERT INTO `audit_logs` (`id`, `user_id`, `action`, `entity`, `entity_id`, `old_data`, `new_data`, `ip_address`, `user_agent`, `created_at`) VALUES ('62', NULL, 'login_failed', 'User', NULL, NULL, '{\"username\":\"admin@innovativegraphics.com\",\"reason\":\"Invalid credentials\",\"ip\":\"::1\"}', '::1', 'Mozilla/5.0 (Windows NT 10.0; Win64; x64) AppleWebKit/537.36 (KHTML, like Gecko) Chrome/146.0.0.0 Safari/537.36', NULL);
INSERT INTO `audit_logs` (`id`, `user_id`, `action`, `entity`, `entity_id`, `old_data`, `new_data`, `ip_address`, `user_agent`, `created_at`) VALUES ('63', NULL, 'login_failed', 'User', NULL, NULL, '{\"username\":\"admin@innovativegraphics.com\",\"reason\":\"Invalid credentials\",\"ip\":\"::1\"}', '::1', 'Mozilla/5.0 (Windows NT 10.0; Win64; x64) AppleWebKit/537.36 (KHTML, like Gecko) Chrome/146.0.0.0 Safari/537.36', NULL);
INSERT INTO `audit_logs` (`id`, `user_id`, `action`, `entity`, `entity_id`, `old_data`, `new_data`, `ip_address`, `user_agent`, `created_at`) VALUES ('64', NULL, 'login_failed', 'User', NULL, NULL, '{\"username\":\"admin@innovativegraphics.com\",\"reason\":\"Invalid credentials\",\"ip\":\"::1\"}', '::1', 'Mozilla/5.0 (Windows NT 10.0; Win64; x64) AppleWebKit/537.36 (KHTML, like Gecko) Chrome/146.0.0.0 Safari/537.36', NULL);
INSERT INTO `audit_logs` (`id`, `user_id`, `action`, `entity`, `entity_id`, `old_data`, `new_data`, `ip_address`, `user_agent`, `created_at`) VALUES ('65', '1', 'login_success', 'User', '1', NULL, '{\"ip\":\"::1\"}', '::1', 'Mozilla/5.0 (Windows NT 10.0; Win64; x64) AppleWebKit/537.36 (KHTML, like Gecko) Chrome/146.0.0.0 Safari/537.36', NULL);
INSERT INTO `audit_logs` (`id`, `user_id`, `action`, `entity`, `entity_id`, `old_data`, `new_data`, `ip_address`, `user_agent`, `created_at`) VALUES ('66', '1', 'login_success', 'User', '1', NULL, '{\"ip\":\"::1\"}', '::1', 'Mozilla/5.0 (Windows NT 10.0; Win64; x64) AppleWebKit/537.36 (KHTML, like Gecko) Chrome/146.0.0.0 Safari/537.36', NULL);

DROP TABLE IF EXISTS `backup_logs`;
CREATE TABLE `backup_logs` (
  `id` int(11) unsigned NOT NULL AUTO_INCREMENT,
  `backup_type` enum('Manual','Automatic') NOT NULL,
  `backup_file` varchar(255) NOT NULL,
  `backup_size` int(11) DEFAULT NULL,
  `status` enum('Success','Failed') NOT NULL,
  `message` text DEFAULT NULL,
  `created_by` int(11) unsigned DEFAULT NULL,
  `created_at` datetime DEFAULT NULL,
  PRIMARY KEY (`id`),
  KEY `backup_logs_created_by_foreign` (`created_by`),
  CONSTRAINT `backup_logs_created_by_foreign` FOREIGN KEY (`created_by`) REFERENCES `users` (`id`) ON DELETE CASCADE ON UPDATE SET NULL
) ENGINE=InnoDB DEFAULT CHARSET=utf8mb4 COLLATE=utf8mb4_general_ci;

DROP TABLE IF EXISTS `bom_template_items`;
CREATE TABLE `bom_template_items` (
  `id` int(11) unsigned NOT NULL AUTO_INCREMENT,
  `bom_template_id` int(11) unsigned NOT NULL,
  `product_id` int(11) unsigned NOT NULL,
  `quantity` decimal(15,2) NOT NULL,
  `created_at` datetime DEFAULT NULL,
  `updated_at` datetime DEFAULT NULL,
  PRIMARY KEY (`id`),
  KEY `bom_template_id` (`bom_template_id`),
  KEY `product_id` (`product_id`),
  CONSTRAINT `bom_template_items_bom_template_id_foreign` FOREIGN KEY (`bom_template_id`) REFERENCES `bom_templates` (`id`) ON DELETE CASCADE ON UPDATE CASCADE,
  CONSTRAINT `bom_template_items_product_id_foreign` FOREIGN KEY (`product_id`) REFERENCES `products` (`id`) ON DELETE CASCADE
) ENGINE=InnoDB AUTO_INCREMENT=9 DEFAULT CHARSET=utf8mb4 COLLATE=utf8mb4_general_ci;

INSERT INTO `bom_template_items` (`id`, `bom_template_id`, `product_id`, `quantity`, `created_at`, `updated_at`) VALUES ('7', '2', '2', '8.00', '2026-03-29 21:52:20', '2026-03-29 21:52:20');
INSERT INTO `bom_template_items` (`id`, `bom_template_id`, `product_id`, `quantity`, `created_at`, `updated_at`) VALUES ('8', '2', '3', '8.00', '2026-03-29 21:52:20', '2026-03-29 21:52:20');

DROP TABLE IF EXISTS `bom_templates`;
CREATE TABLE `bom_templates` (
  `id` int(11) unsigned NOT NULL AUTO_INCREMENT,
  `template_name` varchar(255) NOT NULL,
  `description` text DEFAULT NULL,
  `finished_product_id` int(11) unsigned DEFAULT NULL,
  `created_by` int(11) unsigned NOT NULL,
  `created_at` datetime DEFAULT NULL,
  `updated_at` datetime DEFAULT NULL,
  PRIMARY KEY (`id`),
  KEY `bom_templates_created_by_foreign` (`created_by`),
  KEY `finished_product_id` (`finished_product_id`),
  CONSTRAINT `bom_templates_created_by_foreign` FOREIGN KEY (`created_by`) REFERENCES `users` (`id`) ON DELETE CASCADE,
  CONSTRAINT `bom_templates_finished_product_id_foreign` FOREIGN KEY (`finished_product_id`) REFERENCES `products` (`id`) ON DELETE CASCADE ON UPDATE SET NULL
) ENGINE=InnoDB AUTO_INCREMENT=4 DEFAULT CHARSET=utf8mb4 COLLATE=utf8mb4_general_ci;

INSERT INTO `bom_templates` (`id`, `template_name`, `description`, `finished_product_id`, `created_by`, `created_at`, `updated_at`) VALUES ('2', 'Admin notihing', 'BOM Template: Create templates for standard production recipes. This will help you quickly create production jobs with predefined materials.', '2', '1', '2026-03-29 21:27:31', '2026-03-29 21:27:31');

DROP TABLE IF EXISTS `categories`;
CREATE TABLE `categories` (
  `id` int(11) unsigned NOT NULL AUTO_INCREMENT,
  `category_name` varchar(100) NOT NULL,
  `description` text DEFAULT NULL,
  `parent_id` int(11) unsigned DEFAULT NULL,
  `created_at` datetime DEFAULT NULL,
  `updated_at` datetime DEFAULT NULL,
  `deleted_at` datetime DEFAULT NULL,
  PRIMARY KEY (`id`),
  KEY `categories_parent_id_foreign` (`parent_id`),
  CONSTRAINT `categories_parent_id_foreign` FOREIGN KEY (`parent_id`) REFERENCES `categories` (`id`) ON DELETE CASCADE ON UPDATE SET NULL
) ENGINE=InnoDB AUTO_INCREMENT=11 DEFAULT CHARSET=utf8mb4 COLLATE=utf8mb4_general_ci;

INSERT INTO `categories` (`id`, `category_name`, `description`, `parent_id`, `created_at`, `updated_at`, `deleted_at`) VALUES ('1', 'ID Card Materials', 'PVC cards, ribbons, laminates', NULL, '2026-03-22 13:31:48', '2026-03-23 10:47:18', '2026-03-23 10:47:18');
INSERT INTO `categories` (`id`, `category_name`, `description`, `parent_id`, `created_at`, `updated_at`, `deleted_at`) VALUES ('2', 'Printer Parts', 'Print heads, rollers, maintenance kits', NULL, '2026-03-22 13:31:48', '2026-03-22 13:31:48', NULL);
INSERT INTO `categories` (`id`, `category_name`, `description`, `parent_id`, `created_at`, `updated_at`, `deleted_at`) VALUES ('3', 'Printing Materials', 'Inks, toners, paper, card stock', NULL, '2026-03-22 13:31:48', '2026-03-22 13:31:48', NULL);
INSERT INTO `categories` (`id`, `category_name`, `description`, `parent_id`, `created_at`, `updated_at`, `deleted_at`) VALUES ('4', 'Laminating Materials', 'Laminating sheets, pouches', NULL, '2026-03-22 13:31:48', '2026-03-22 13:31:48', NULL);
INSERT INTO `categories` (`id`, `category_name`, `description`, `parent_id`, `created_at`, `updated_at`, `deleted_at`) VALUES ('5', 'Office Supplies', 'Stationery, labels, envelopes', NULL, '2026-03-22 13:31:48', '2026-03-22 13:31:48', NULL);
INSERT INTO `categories` (`id`, `category_name`, `description`, `parent_id`, `created_at`, `updated_at`, `deleted_at`) VALUES ('6', 'Equipments', 'Printers, laminators', NULL, '2026-03-22 13:31:48', '2026-03-23 10:46:53', NULL);
INSERT INTO `categories` (`id`, `category_name`, `description`, `parent_id`, `created_at`, `updated_at`, `deleted_at`) VALUES ('7', 'test ', 'test', NULL, '2026-03-23 11:01:55', '2026-03-23 11:02:09', '2026-03-23 11:02:09');
INSERT INTO `categories` (`id`, `category_name`, `description`, `parent_id`, `created_at`, `updated_at`, `deleted_at`) VALUES ('8', 'Papetry', 'this has to do with paper materials', NULL, '2026-03-23 11:02:32', '2026-03-23 11:02:32', NULL);
INSERT INTO `categories` (`id`, `category_name`, `description`, `parent_id`, `created_at`, `updated_at`, `deleted_at`) VALUES ('9', 'Others', 'this too', NULL, '2026-03-29 10:06:27', '2026-03-29 10:06:27', NULL);
INSERT INTO `categories` (`id`, `category_name`, `description`, `parent_id`, `created_at`, `updated_at`, `deleted_at`) VALUES ('10', 'Papertry', '8888', NULL, '2026-03-29 12:34:33', '2026-03-29 12:34:33', NULL);

DROP TABLE IF EXISTS `currency_rates`;
CREATE TABLE `currency_rates` (
  `id` int(11) unsigned NOT NULL AUTO_INCREMENT,
  `base_currency` varchar(3) NOT NULL DEFAULT 'USD',
  `target_currency` varchar(3) NOT NULL,
  `rate` decimal(10,4) NOT NULL,
  `date` date NOT NULL,
  `created_at` datetime DEFAULT NULL,
  PRIMARY KEY (`id`),
  KEY `base_currency_target_currency_date` (`base_currency`,`target_currency`,`date`)
) ENGINE=InnoDB AUTO_INCREMENT=2 DEFAULT CHARSET=utf8mb4 COLLATE=utf8mb4_general_ci;

INSERT INTO `currency_rates` (`id`, `base_currency`, `target_currency`, `rate`, `date`, `created_at`) VALUES ('1', 'USD', 'LRD', '180.0000', '2026-03-22', '2026-03-22 13:31:48');

DROP TABLE IF EXISTS `customers`;
CREATE TABLE `customers` (
  `id` int(11) unsigned NOT NULL AUTO_INCREMENT,
  `customer_name` varchar(255) NOT NULL,
  `business_name` varchar(255) DEFAULT NULL,
  `phone` varchar(50) NOT NULL,
  `email` varchar(255) DEFAULT NULL,
  `address` text DEFAULT NULL,
  `tax_number` varchar(100) DEFAULT NULL,
  `credit_limit` decimal(15,2) NOT NULL DEFAULT 0.00,
  `payment_terms` varchar(100) DEFAULT NULL,
  `created_by` int(11) unsigned NOT NULL,
  `updated_by` int(11) unsigned DEFAULT NULL,
  `created_at` datetime DEFAULT NULL,
  `updated_at` datetime DEFAULT NULL,
  `deleted_at` datetime DEFAULT NULL,
  PRIMARY KEY (`id`),
  KEY `customers_created_by_foreign` (`created_by`),
  KEY `customers_updated_by_foreign` (`updated_by`),
  CONSTRAINT `customers_created_by_foreign` FOREIGN KEY (`created_by`) REFERENCES `users` (`id`) ON DELETE CASCADE,
  CONSTRAINT `customers_updated_by_foreign` FOREIGN KEY (`updated_by`) REFERENCES `users` (`id`) ON DELETE CASCADE ON UPDATE SET NULL
) ENGINE=InnoDB AUTO_INCREMENT=3 DEFAULT CHARSET=utf8mb4 COLLATE=utf8mb4_general_ci;

INSERT INTO `customers` (`id`, `customer_name`, `business_name`, `phone`, `email`, `address`, `tax_number`, `credit_limit`, `payment_terms`, `created_by`, `updated_by`, `created_at`, `updated_at`, `deleted_at`) VALUES ('1', 'Same G', 'Sethi Brother', '0775577736', 'testemail@gmail.com', 'New Georgia Gulf', NULL, '500.00', NULL, '1', NULL, '2026-03-23 13:53:02', '2026-03-23 13:53:02', NULL);
INSERT INTO `customers` (`id`, `customer_name`, `business_name`, `phone`, `email`, `address`, `tax_number`, `credit_limit`, `payment_terms`, `created_by`, `updated_by`, `created_at`, `updated_at`, `deleted_at`) VALUES ('2', 'Tommy', 'Tommy Business Center', '0776677746', 'tommy@mail.com', 'please tell tommy my address', NULL, '2.00', NULL, '1', NULL, '2026-03-29 15:51:38', '2026-03-29 15:51:38', NULL);

DROP TABLE IF EXISTS `expense_categories`;
CREATE TABLE `expense_categories` (
  `id` int(11) unsigned NOT NULL AUTO_INCREMENT,
  `category_name` varchar(100) NOT NULL,
  `description` text DEFAULT NULL,
  `created_at` datetime DEFAULT NULL,
  `updated_at` datetime DEFAULT NULL,
  PRIMARY KEY (`id`)
) ENGINE=InnoDB AUTO_INCREMENT=10 DEFAULT CHARSET=utf8mb4 COLLATE=utf8mb4_general_ci;

INSERT INTO `expense_categories` (`id`, `category_name`, `description`, `created_at`, `updated_at`) VALUES ('1', 'Electricity', 'Power bills', '2026-03-22 13:31:48', '2026-03-22 13:31:48');
INSERT INTO `expense_categories` (`id`, `category_name`, `description`, `created_at`, `updated_at`) VALUES ('2', 'Internet', 'Internet service', '2026-03-22 13:31:48', '2026-03-22 13:31:48');
INSERT INTO `expense_categories` (`id`, `category_name`, `description`, `created_at`, `updated_at`) VALUES ('3', 'Staff Salary', 'Employee salaries', '2026-03-22 13:31:48', '2026-03-22 13:31:48');
INSERT INTO `expense_categories` (`id`, `category_name`, `description`, `created_at`, `updated_at`) VALUES ('4', 'Maintenance', 'Equipment maintenance', '2026-03-22 13:31:48', '2026-03-22 13:31:48');
INSERT INTO `expense_categories` (`id`, `category_name`, `description`, `created_at`, `updated_at`) VALUES ('5', 'Transport', 'Transportation costs', '2026-03-22 13:31:48', '2026-03-22 13:31:48');
INSERT INTO `expense_categories` (`id`, `category_name`, `description`, `created_at`, `updated_at`) VALUES ('6', 'Equipment Repair', 'Repair costs', '2026-03-22 13:31:48', '2026-03-22 13:31:48');
INSERT INTO `expense_categories` (`id`, `category_name`, `description`, `created_at`, `updated_at`) VALUES ('7', 'Rent', 'Office/Shop rent', '2026-03-22 13:31:48', '2026-03-22 13:31:48');
INSERT INTO `expense_categories` (`id`, `category_name`, `description`, `created_at`, `updated_at`) VALUES ('8', 'Consumables', 'Office consumables', '2026-03-22 13:31:48', '2026-03-22 13:31:48');
INSERT INTO `expense_categories` (`id`, `category_name`, `description`, `created_at`, `updated_at`) VALUES ('9', 'Other', 'Miscellaneous expenses', '2026-03-22 13:31:48', '2026-03-22 13:31:48');

DROP TABLE IF EXISTS `expenses`;
CREATE TABLE `expenses` (
  `id` int(11) unsigned NOT NULL AUTO_INCREMENT,
  `expense_category_id` int(11) unsigned NOT NULL,
  `amount` decimal(15,2) NOT NULL,
  `currency` enum('LRD','USD') NOT NULL DEFAULT 'LRD',
  `exchange_rate` decimal(10,4) DEFAULT NULL,
  `expense_date` date NOT NULL,
  `description` text DEFAULT NULL,
  `receipt_image` varchar(255) DEFAULT NULL,
  `created_by` int(11) unsigned NOT NULL,
  `updated_by` int(11) unsigned DEFAULT NULL,
  `created_at` datetime DEFAULT NULL,
  `updated_at` datetime DEFAULT NULL,
  `deleted_at` datetime DEFAULT NULL,
  PRIMARY KEY (`id`),
  KEY `expenses_created_by_foreign` (`created_by`),
  KEY `expenses_updated_by_foreign` (`updated_by`),
  KEY `expense_category_id` (`expense_category_id`),
  CONSTRAINT `expenses_created_by_foreign` FOREIGN KEY (`created_by`) REFERENCES `users` (`id`) ON DELETE CASCADE,
  CONSTRAINT `expenses_expense_category_id_foreign` FOREIGN KEY (`expense_category_id`) REFERENCES `expense_categories` (`id`) ON DELETE CASCADE,
  CONSTRAINT `expenses_updated_by_foreign` FOREIGN KEY (`updated_by`) REFERENCES `users` (`id`) ON DELETE CASCADE ON UPDATE SET NULL
) ENGINE=InnoDB AUTO_INCREMENT=4 DEFAULT CHARSET=utf8mb4 COLLATE=utf8mb4_general_ci;

INSERT INTO `expenses` (`id`, `expense_category_id`, `amount`, `currency`, `exchange_rate`, `expense_date`, `description`, `receipt_image`, `created_by`, `updated_by`, `created_at`, `updated_at`, `deleted_at`) VALUES ('1', '1', '250.00', 'USD', '180.0000', '2026-03-23', 'Paid 200 Lrd for electricity this morning', 'uploads/receipts/1774277057_c6d3408211600e354b57.jpg', '1', '1', '2026-03-23 14:44:17', '2026-03-23 14:45:59', NULL);
INSERT INTO `expenses` (`id`, `expense_category_id`, `amount`, `currency`, `exchange_rate`, `expense_date`, `description`, `receipt_image`, `created_by`, `updated_by`, `created_at`, `updated_at`, `deleted_at`) VALUES ('2', '3', '35.00', 'USD', '180.0000', '2026-03-31', 'this is actually working', NULL, '1', '1', '2026-03-31 18:50:18', '2026-03-31 18:54:32', NULL);
INSERT INTO `expenses` (`id`, `expense_category_id`, `amount`, `currency`, `exchange_rate`, `expense_date`, `description`, `receipt_image`, `created_by`, `updated_by`, `created_at`, `updated_at`, `deleted_at`) VALUES ('3', '9', '34.00', 'USD', '180.0000', '2026-03-31', '75', 'uploads/receipts/1774983318_2deb45901b11ec67adc0.png', '1', NULL, '2026-03-31 18:55:18', '2026-03-31 18:55:18', NULL);

DROP TABLE IF EXISTS `inventory_adjustments`;
CREATE TABLE `inventory_adjustments` (
  `id` int(11) unsigned NOT NULL AUTO_INCREMENT,
  `product_id` int(11) unsigned NOT NULL,
  `adjustment_type` enum('Increase','Decrease') NOT NULL,
  `quantity` decimal(15,2) NOT NULL,
  `previous_quantity` decimal(15,2) NOT NULL,
  `new_quantity` decimal(15,2) NOT NULL,
  `reason` varchar(255) NOT NULL,
  `notes` text DEFAULT NULL,
  `created_by` int(11) unsigned NOT NULL,
  `created_at` datetime DEFAULT NULL,
  PRIMARY KEY (`id`),
  KEY `inventory_adjustments_created_by_foreign` (`created_by`),
  KEY `product_id` (`product_id`),
  CONSTRAINT `inventory_adjustments_created_by_foreign` FOREIGN KEY (`created_by`) REFERENCES `users` (`id`) ON DELETE CASCADE,
  CONSTRAINT `inventory_adjustments_product_id_foreign` FOREIGN KEY (`product_id`) REFERENCES `products` (`id`) ON DELETE CASCADE
) ENGINE=InnoDB DEFAULT CHARSET=utf8mb4 COLLATE=utf8mb4_general_ci;

DROP TABLE IF EXISTS `migrations`;
CREATE TABLE `migrations` (
  `id` bigint(20) unsigned NOT NULL AUTO_INCREMENT,
  `version` varchar(255) NOT NULL,
  `class` varchar(255) NOT NULL,
  `group` varchar(255) NOT NULL,
  `namespace` varchar(255) NOT NULL,
  `time` int(11) NOT NULL,
  `batch` int(11) unsigned NOT NULL,
  PRIMARY KEY (`id`)
) ENGINE=InnoDB AUTO_INCREMENT=14 DEFAULT CHARSET=utf8mb4 COLLATE=utf8mb4_general_ci;

INSERT INTO `migrations` (`id`, `version`, `class`, `group`, `namespace`, `time`, `batch`) VALUES ('1', '2026-03-22-120928', 'App\\Database\\Migrations\\CreateUsersTable', 'default', 'App', '1774186233', '1');
INSERT INTO `migrations` (`id`, `version`, `class`, `group`, `namespace`, `time`, `batch`) VALUES ('2', '2026-03-22-121145', 'App\\Database\\Migrations\\CreateSuppliersTable', 'default', 'App', '1774186233', '1');
INSERT INTO `migrations` (`id`, `version`, `class`, `group`, `namespace`, `time`, `batch`) VALUES ('3', '2026-03-22-121225', 'App\\Database\\Migrations\\CreateCategoriesAndProductsTable', 'default', 'App', '1774186233', '1');
INSERT INTO `migrations` (`id`, `version`, `class`, `group`, `namespace`, `time`, `batch`) VALUES ('4', '2026-03-22-121442', 'App\\Database\\Migrations\\CreateCustomersTable', 'default', 'App', '1774186233', '1');
INSERT INTO `migrations` (`id`, `version`, `class`, `group`, `namespace`, `time`, `batch`) VALUES ('5', '2026-03-22-121636', 'App\\Database\\Migrations\\CreatePurchasesTable', 'default', 'App', '1774186233', '1');
INSERT INTO `migrations` (`id`, `version`, `class`, `group`, `namespace`, `time`, `batch`) VALUES ('6', '2026-03-22-121728', 'App\\Database\\Migrations\\CreateSalesTable', 'default', 'App', '1774186233', '1');
INSERT INTO `migrations` (`id`, `version`, `class`, `group`, `namespace`, `time`, `batch`) VALUES ('7', '2026-03-22-121817', 'App\\Database\\Migrations\\CreateExpensesTable', 'default', 'App', '1774186233', '1');
INSERT INTO `migrations` (`id`, `version`, `class`, `group`, `namespace`, `time`, `batch`) VALUES ('8', '2026-03-22-121851', 'App\\Database\\Migrations\\CreateProductionJobsTable', 'default', 'App', '1774186233', '1');
INSERT INTO `migrations` (`id`, `version`, `class`, `group`, `namespace`, `time`, `batch`) VALUES ('9', '2026-03-22-122238', 'App\\Database\\Migrations\\CreateInventoryAdjustmentsTable', 'default', 'App', '1774186233', '1');
INSERT INTO `migrations` (`id`, `version`, `class`, `group`, `namespace`, `time`, `batch`) VALUES ('10', '2026-03-22-122338', 'App\\Database\\Migrations\\CreateNotificationsTable', 'default', 'App', '1774186233', '1');
INSERT INTO `migrations` (`id`, `version`, `class`, `group`, `namespace`, `time`, `batch`) VALUES ('11', '2026-03-22-122417', 'App\\Database\\Migrations\\CreateAuditLogsTable', 'default', 'App', '1774186234', '1');
INSERT INTO `migrations` (`id`, `version`, `class`, `group`, `namespace`, `time`, `batch`) VALUES ('12', '2026-03-22-122506', 'App\\Database\\Migrations\\CreateSystemSettingsTable', 'default', 'App', '1774186234', '1');
INSERT INTO `migrations` (`id`, `version`, `class`, `group`, `namespace`, `time`, `batch`) VALUES ('13', '2026-03-22-122553', 'App\\Database\\Migrations\\CreateStockMovementsTable', 'default', 'App', '1774186234', '1');

DROP TABLE IF EXISTS `notifications`;
CREATE TABLE `notifications` (
  `id` int(11) unsigned NOT NULL AUTO_INCREMENT,
  `user_id` int(11) unsigned NOT NULL,
  `title` varchar(255) NOT NULL,
  `message` text NOT NULL,
  `type` varchar(50) NOT NULL,
  `link` varchar(255) DEFAULT NULL,
  `is_read` tinyint(1) NOT NULL DEFAULT 0,
  `created_at` datetime DEFAULT NULL,
  PRIMARY KEY (`id`),
  KEY `user_id` (`user_id`),
  CONSTRAINT `notifications_user_id_foreign` FOREIGN KEY (`user_id`) REFERENCES `users` (`id`) ON DELETE CASCADE ON UPDATE CASCADE
) ENGINE=InnoDB DEFAULT CHARSET=utf8mb4 COLLATE=utf8mb4_general_ci;

DROP TABLE IF EXISTS `permissions`;
CREATE TABLE `permissions` (
  `id` int(11) unsigned NOT NULL AUTO_INCREMENT,
  `permission_name` varchar(100) NOT NULL,
  `description` text DEFAULT NULL,
  `created_at` datetime DEFAULT NULL,
  `updated_at` datetime DEFAULT NULL,
  PRIMARY KEY (`id`),
  UNIQUE KEY `permission_name` (`permission_name`)
) ENGINE=InnoDB AUTO_INCREMENT=34 DEFAULT CHARSET=utf8mb4 COLLATE=utf8mb4_general_ci;

INSERT INTO `permissions` (`id`, `permission_name`, `description`, `created_at`, `updated_at`) VALUES ('1', 'manage_users', 'Create, edit, delete users', NULL, NULL);
INSERT INTO `permissions` (`id`, `permission_name`, `description`, `created_at`, `updated_at`) VALUES ('2', 'manage_settings', 'Configure system settings', NULL, NULL);
INSERT INTO `permissions` (`id`, `permission_name`, `description`, `created_at`, `updated_at`) VALUES ('3', 'view_audit_logs', 'View audit logs', NULL, NULL);
INSERT INTO `permissions` (`id`, `permission_name`, `description`, `created_at`, `updated_at`) VALUES ('4', 'manage_backup', 'Manage backups', NULL, NULL);
INSERT INTO `permissions` (`id`, `permission_name`, `description`, `created_at`, `updated_at`) VALUES ('5', 'delete_records', 'Permanently delete records', NULL, NULL);
INSERT INTO `permissions` (`id`, `permission_name`, `description`, `created_at`, `updated_at`) VALUES ('6', 'manage_products', 'Add, edit products', NULL, NULL);
INSERT INTO `permissions` (`id`, `permission_name`, `description`, `created_at`, `updated_at`) VALUES ('7', 'manage_purchases', 'Create and manage purchases', NULL, NULL);
INSERT INTO `permissions` (`id`, `permission_name`, `description`, `created_at`, `updated_at`) VALUES ('8', 'manage_sales', 'Create and manage sales', NULL, NULL);
INSERT INTO `permissions` (`id`, `permission_name`, `description`, `created_at`, `updated_at`) VALUES ('9', 'manage_customers', 'Manage customer records', NULL, NULL);
INSERT INTO `permissions` (`id`, `permission_name`, `description`, `created_at`, `updated_at`) VALUES ('10', 'manage_suppliers', 'Manage supplier records', NULL, NULL);
INSERT INTO `permissions` (`id`, `permission_name`, `description`, `created_at`, `updated_at`) VALUES ('11', 'manage_expenses', 'Record expenses', NULL, NULL);
INSERT INTO `permissions` (`id`, `permission_name`, `description`, `created_at`, `updated_at`) VALUES ('12', 'manage_production', 'Manage production jobs', NULL, NULL);
INSERT INTO `permissions` (`id`, `permission_name`, `description`, `created_at`, `updated_at`) VALUES ('13', 'view_reports', 'View all reports', NULL, NULL);
INSERT INTO `permissions` (`id`, `permission_name`, `description`, `created_at`, `updated_at`) VALUES ('14', 'record_stock_usage', 'Record stock usage for production', NULL, NULL);
INSERT INTO `permissions` (`id`, `permission_name`, `description`, `created_at`, `updated_at`) VALUES ('15', 'create_sales', 'Create sales transactions', NULL, NULL);
INSERT INTO `permissions` (`id`, `permission_name`, `description`, `created_at`, `updated_at`) VALUES ('16', 'view_inventory', 'View inventory list', NULL, NULL);
INSERT INTO `permissions` (`id`, `permission_name`, `description`, `created_at`, `updated_at`) VALUES ('17', 'view_customers', 'View customer list', NULL, NULL);
INSERT INTO `permissions` (`id`, `permission_name`, `description`, `created_at`, `updated_at`) VALUES ('18', 'access_dashboard', 'Allow users to open the dashboard.', '2026-04-01 17:25:35', '2026-04-01 17:25:35');
INSERT INTO `permissions` (`id`, `permission_name`, `description`, `created_at`, `updated_at`) VALUES ('19', 'access_inventory', 'Allow access to inventory screens and navigation.', '2026-04-01 17:25:35', '2026-04-01 17:25:35');
INSERT INTO `permissions` (`id`, `permission_name`, `description`, `created_at`, `updated_at`) VALUES ('20', 'manage_categories', 'Create and update inventory categories.', '2026-04-01 17:25:35', '2026-04-01 17:25:35');
INSERT INTO `permissions` (`id`, `permission_name`, `description`, `created_at`, `updated_at`) VALUES ('21', 'manage_units', 'Create and update inventory units.', '2026-04-01 17:25:35', '2026-04-01 17:25:35');
INSERT INTO `permissions` (`id`, `permission_name`, `description`, `created_at`, `updated_at`) VALUES ('22', 'adjust_stock', 'Record stock adjustments and movement changes.', '2026-04-01 17:25:35', '2026-04-01 17:25:35');
INSERT INTO `permissions` (`id`, `permission_name`, `description`, `created_at`, `updated_at`) VALUES ('23', 'access_sales', 'Allow access to sales screens and navigation.', '2026-04-01 17:25:35', '2026-04-01 17:25:35');
INSERT INTO `permissions` (`id`, `permission_name`, `description`, `created_at`, `updated_at`) VALUES ('24', 'access_customers', 'Allow access to customers screens and navigation.', '2026-04-01 17:25:35', '2026-04-01 17:25:35');
INSERT INTO `permissions` (`id`, `permission_name`, `description`, `created_at`, `updated_at`) VALUES ('25', 'access_purchases', 'Allow access to purchases screens and navigation.', '2026-04-01 17:25:35', '2026-04-01 17:25:35');
INSERT INTO `permissions` (`id`, `permission_name`, `description`, `created_at`, `updated_at`) VALUES ('26', 'access_suppliers', 'Allow access to suppliers screens and navigation.', '2026-04-01 17:25:35', '2026-04-01 17:25:35');
INSERT INTO `permissions` (`id`, `permission_name`, `description`, `created_at`, `updated_at`) VALUES ('27', 'access_expenses', 'Allow access to expense screens and navigation.', '2026-04-01 17:25:35', '2026-04-01 17:25:35');
INSERT INTO `permissions` (`id`, `permission_name`, `description`, `created_at`, `updated_at`) VALUES ('28', 'manage_expense_categories', 'Create and update expense categories.', '2026-04-01 17:25:35', '2026-04-01 17:25:35');
INSERT INTO `permissions` (`id`, `permission_name`, `description`, `created_at`, `updated_at`) VALUES ('29', 'access_production', 'Allow access to production screens and navigation.', '2026-04-01 17:25:35', '2026-04-01 17:25:35');
INSERT INTO `permissions` (`id`, `permission_name`, `description`, `created_at`, `updated_at`) VALUES ('30', 'manage_bom', 'Create and maintain BOM templates.', '2026-04-01 17:25:35', '2026-04-01 17:25:35');
INSERT INTO `permissions` (`id`, `permission_name`, `description`, `created_at`, `updated_at`) VALUES ('31', 'access_admin', 'Allow access to administration screens and navigation.', '2026-04-01 17:25:35', '2026-04-01 17:25:35');
INSERT INTO `permissions` (`id`, `permission_name`, `description`, `created_at`, `updated_at`) VALUES ('32', 'manage_roles', 'Configure role permissions and access rules.', '2026-04-01 17:25:35', '2026-04-01 17:25:35');
INSERT INTO `permissions` (`id`, `permission_name`, `description`, `created_at`, `updated_at`) VALUES ('33', 'view_system_info', 'View technical system information.', '2026-04-01 17:25:35', '2026-04-01 17:25:35');

DROP TABLE IF EXISTS `production_jobs`;
CREATE TABLE `production_jobs` (
  `id` int(11) unsigned NOT NULL AUTO_INCREMENT,
  `job_reference` varchar(100) NOT NULL,
  `job_name` varchar(255) NOT NULL,
  `production_date` date NOT NULL,
  `finished_product_id` int(11) unsigned DEFAULT NULL,
  `quantity_produced` decimal(15,2) NOT NULL DEFAULT 0.00,
  `total_material_cost` decimal(15,2) NOT NULL DEFAULT 0.00,
  `currency` enum('LRD','USD') NOT NULL DEFAULT 'LRD',
  `exchange_rate` decimal(10,4) DEFAULT NULL,
  `notes` text DEFAULT NULL,
  `status` enum('Draft','Completed','Cancelled') NOT NULL DEFAULT 'Draft',
  `created_by` int(11) unsigned NOT NULL,
  `updated_by` int(11) unsigned DEFAULT NULL,
  `created_at` datetime DEFAULT NULL,
  `updated_at` datetime DEFAULT NULL,
  `deleted_at` datetime DEFAULT NULL,
  PRIMARY KEY (`id`),
  UNIQUE KEY `job_reference` (`job_reference`),
  KEY `production_jobs_created_by_foreign` (`created_by`),
  KEY `production_jobs_updated_by_foreign` (`updated_by`),
  KEY `finished_product_id` (`finished_product_id`),
  CONSTRAINT `production_jobs_created_by_foreign` FOREIGN KEY (`created_by`) REFERENCES `users` (`id`) ON DELETE CASCADE,
  CONSTRAINT `production_jobs_finished_product_id_foreign` FOREIGN KEY (`finished_product_id`) REFERENCES `products` (`id`) ON DELETE CASCADE ON UPDATE SET NULL,
  CONSTRAINT `production_jobs_updated_by_foreign` FOREIGN KEY (`updated_by`) REFERENCES `users` (`id`) ON DELETE CASCADE ON UPDATE SET NULL
) ENGINE=InnoDB AUTO_INCREMENT=8 DEFAULT CHARSET=utf8mb4 COLLATE=utf8mb4_general_ci;

INSERT INTO `production_jobs` (`id`, `job_reference`, `job_name`, `production_date`, `finished_product_id`, `quantity_produced`, `total_material_cost`, `currency`, `exchange_rate`, `notes`, `status`, `created_by`, `updated_by`, `created_at`, `updated_at`, `deleted_at`) VALUES ('1', 'JOB-202603-0001', 'tarnue jobs', '2026-03-29', NULL, '1.00', '87.00', 'USD', NULL, 'test material for the form', 'Draft', '1', NULL, '2026-03-29 17:13:14', '2026-03-29 20:55:21', '2026-03-29 20:55:21');
INSERT INTO `production_jobs` (`id`, `job_reference`, `job_name`, `production_date`, `finished_product_id`, `quantity_produced`, `total_material_cost`, `currency`, `exchange_rate`, `notes`, `status`, `created_by`, `updated_by`, `created_at`, `updated_at`, `deleted_at`) VALUES ('2', 'JOB-202603-0002', 'jennie contract fve', '2026-03-29', '1', '2.00', '248.00', 'USD', NULL, '', 'Cancelled', '1', '1', '2026-03-29 17:15:48', '2026-03-29 20:54:06', NULL);
INSERT INTO `production_jobs` (`id`, `job_reference`, `job_name`, `production_date`, `finished_product_id`, `quantity_produced`, `total_material_cost`, `currency`, `exchange_rate`, `notes`, `status`, `created_by`, `updated_by`, `created_at`, `updated_at`, `deleted_at`) VALUES ('3', 'JOB-202603-0003', 'jennie contract fve', '2026-03-29', '2', '8.00', '2958.00', 'USD', NULL, 'this work', 'Completed', '1', '1', '2026-03-29 17:18:51', '2026-03-29 22:09:23', NULL);
INSERT INTO `production_jobs` (`id`, `job_reference`, `job_name`, `production_date`, `finished_product_id`, `quantity_produced`, `total_material_cost`, `currency`, `exchange_rate`, `notes`, `status`, `created_by`, `updated_by`, `created_at`, `updated_at`, `deleted_at`) VALUES ('4', 'JOB-202603-0004', 'jennie contract fve', '2026-03-29', '2', '8.00', '2958.00', 'USD', NULL, 'this work', 'Draft', '1', NULL, '2026-03-29 17:19:02', '2026-03-29 20:53:46', '2026-03-29 20:53:46');
INSERT INTO `production_jobs` (`id`, `job_reference`, `job_name`, `production_date`, `finished_product_id`, `quantity_produced`, `total_material_cost`, `currency`, `exchange_rate`, `notes`, `status`, `created_by`, `updated_by`, `created_at`, `updated_at`, `deleted_at`) VALUES ('5', 'JOB-202603-0005', 'jennie contract fve', '2026-03-29', '2', '8.00', '260.52', 'LRD', NULL, '', 'Completed', '1', '1', '2026-03-29 17:39:12', '2026-03-29 20:54:31', NULL);
INSERT INTO `production_jobs` (`id`, `job_reference`, `job_name`, `production_date`, `finished_product_id`, `quantity_produced`, `total_material_cost`, `currency`, `exchange_rate`, `notes`, `status`, `created_by`, `updated_by`, `created_at`, `updated_at`, `deleted_at`) VALUES ('6', 'JOB-202603-0006', 'jennie contract fve', '2026-03-29', NULL, '0.00', '0.00', 'LRD', NULL, 'thisi is a test', 'Draft', '1', NULL, '2026-03-29 17:50:13', '2026-03-29 20:50:08', '2026-03-29 20:50:08');
INSERT INTO `production_jobs` (`id`, `job_reference`, `job_name`, `production_date`, `finished_product_id`, `quantity_produced`, `total_material_cost`, `currency`, `exchange_rate`, `notes`, `status`, `created_by`, `updated_by`, `created_at`, `updated_at`, `deleted_at`) VALUES ('7', 'JOB-202603-0007', 'test job', '2026-03-29', '3', '7.00', '56.00', 'LRD', NULL, 'this is another job', 'Completed', '1', '1', '2026-03-29 20:33:31', '2026-03-29 20:38:46', NULL);

DROP TABLE IF EXISTS `production_materials`;
CREATE TABLE `production_materials` (
  `id` int(11) unsigned NOT NULL AUTO_INCREMENT,
  `production_job_id` int(11) unsigned NOT NULL,
  `product_id` int(11) unsigned NOT NULL,
  `quantity_used` decimal(15,2) NOT NULL,
  `unit_cost` decimal(15,2) NOT NULL,
  `total_cost` decimal(15,2) NOT NULL,
  `created_at` datetime DEFAULT NULL,
  `updated_at` datetime DEFAULT NULL,
  PRIMARY KEY (`id`),
  KEY `production_job_id` (`production_job_id`),
  KEY `product_id` (`product_id`),
  CONSTRAINT `production_materials_product_id_foreign` FOREIGN KEY (`product_id`) REFERENCES `products` (`id`) ON DELETE CASCADE,
  CONSTRAINT `production_materials_production_job_id_foreign` FOREIGN KEY (`production_job_id`) REFERENCES `production_jobs` (`id`) ON DELETE CASCADE ON UPDATE CASCADE
) ENGINE=InnoDB AUTO_INCREMENT=13 DEFAULT CHARSET=utf8mb4 COLLATE=utf8mb4_general_ci;

INSERT INTO `production_materials` (`id`, `production_job_id`, `product_id`, `quantity_used`, `unit_cost`, `total_cost`, `created_at`, `updated_at`) VALUES ('3', '2', '3', '0.00', '8.00', '8.00', '2026-03-29 17:15:48', '2026-03-29 17:15:48');
INSERT INTO `production_materials` (`id`, `production_job_id`, `product_id`, `quantity_used`, `unit_cost`, `total_cost`, `created_at`, `updated_at`) VALUES ('4', '2', '8', '0.00', '60.00', '240.00', '2026-03-29 17:15:48', '2026-03-29 17:15:48');
INSERT INTO `production_materials` (`id`, `production_job_id`, `product_id`, `quantity_used`, `unit_cost`, `total_cost`, `created_at`, `updated_at`) VALUES ('5', '3', '3', '0.00', '87.00', '2958.00', '2026-03-29 17:18:51', '2026-03-29 17:18:51');
INSERT INTO `production_materials` (`id`, `production_job_id`, `product_id`, `quantity_used`, `unit_cost`, `total_cost`, `created_at`, `updated_at`) VALUES ('7', '5', '3', '0.00', '86.84', '260.52', '2026-03-29 17:39:12', '2026-03-29 17:39:12');
INSERT INTO `production_materials` (`id`, `production_job_id`, `product_id`, `quantity_used`, `unit_cost`, `total_cost`, `created_at`, `updated_at`) VALUES ('11', '7', '3', '0.00', '6.00', '42.00', '2026-03-29 20:33:31', '2026-03-29 20:33:31');
INSERT INTO `production_materials` (`id`, `production_job_id`, `product_id`, `quantity_used`, `unit_cost`, `total_cost`, `created_at`, `updated_at`) VALUES ('12', '7', '6', '0.00', '2.00', '14.00', '2026-03-29 20:33:31', '2026-03-29 20:33:31');

DROP TABLE IF EXISTS `products`;
CREATE TABLE `products` (
  `id` int(11) unsigned NOT NULL AUTO_INCREMENT,
  `product_name` varchar(255) NOT NULL,
  `sku` varchar(100) NOT NULL,
  `barcode` varchar(100) DEFAULT NULL,
  `qr_code` text DEFAULT NULL,
  `description` text DEFAULT NULL,
  `category_id` int(11) unsigned NOT NULL,
  `unit_id` int(11) unsigned NOT NULL,
  `supplier_id` int(11) unsigned DEFAULT NULL,
  `purchase_price` decimal(15,2) NOT NULL DEFAULT 0.00,
  `selling_price` decimal(15,2) NOT NULL DEFAULT 0.00,
  `quantity` decimal(15,2) NOT NULL DEFAULT 0.00,
  `minimum_stock` decimal(15,2) NOT NULL DEFAULT 0.00,
  `product_image` varchar(255) DEFAULT NULL,
  `created_by` int(11) unsigned NOT NULL,
  `updated_by` int(11) unsigned DEFAULT NULL,
  `created_at` datetime DEFAULT NULL,
  `updated_at` datetime DEFAULT NULL,
  `deleted_at` datetime DEFAULT NULL,
  PRIMARY KEY (`id`),
  UNIQUE KEY `sku` (`sku`),
  UNIQUE KEY `barcode` (`barcode`),
  KEY `products_created_by_foreign` (`created_by`),
  KEY `products_updated_by_foreign` (`updated_by`),
  KEY `category_id` (`category_id`),
  KEY `unit_id` (`unit_id`),
  KEY `supplier_id` (`supplier_id`),
  CONSTRAINT `products_category_id_foreign` FOREIGN KEY (`category_id`) REFERENCES `categories` (`id`) ON DELETE CASCADE,
  CONSTRAINT `products_created_by_foreign` FOREIGN KEY (`created_by`) REFERENCES `users` (`id`) ON DELETE CASCADE,
  CONSTRAINT `products_supplier_id_foreign` FOREIGN KEY (`supplier_id`) REFERENCES `suppliers` (`id`) ON DELETE CASCADE ON UPDATE SET NULL,
  CONSTRAINT `products_unit_id_foreign` FOREIGN KEY (`unit_id`) REFERENCES `units` (`id`) ON DELETE CASCADE,
  CONSTRAINT `products_updated_by_foreign` FOREIGN KEY (`updated_by`) REFERENCES `users` (`id`) ON DELETE CASCADE ON UPDATE SET NULL
) ENGINE=InnoDB AUTO_INCREMENT=12 DEFAULT CHARSET=utf8mb4 COLLATE=utf8mb4_general_ci;

INSERT INTO `products` (`id`, `product_name`, `sku`, `barcode`, `qr_code`, `description`, `category_id`, `unit_id`, `supplier_id`, `purchase_price`, `selling_price`, `quantity`, `minimum_stock`, `product_image`, `created_by`, `updated_by`, `created_at`, `updated_at`, `deleted_at`) VALUES ('1', 'PVC Card', 'wzdit', 'sku-purhcase-1', NULL, 'This is a test product', '3', '1', '1', '3000.00', '500.00', '10.00', '2.00', 'uploads/products/1774281518_a363cd1741e540fbfbd8.png', '1', NULL, '2026-03-23 15:58:38', '2026-03-23 15:58:38', NULL);
INSERT INTO `products` (`id`, `product_name`, `sku`, `barcode`, `qr_code`, `description`, `category_id`, `unit_id`, `supplier_id`, `purchase_price`, `selling_price`, `quantity`, `minimum_stock`, `product_image`, `created_by`, `updated_by`, `created_at`, `updated_at`, `deleted_at`) VALUES ('2', 'Test Ribbon', 'ITM-0005', '2021-pc-productcard9', NULL, 'Another test product', '2', '1', '1', '40.00', '30.00', '723.00', '3.00', 'uploads/products/1774281764_1847d2b42d227cb43bee.jpg', '1', '1', '2026-03-23 16:02:44', '2026-03-29 22:09:23', NULL);
INSERT INTO `products` (`id`, `product_name`, `sku`, `barcode`, `qr_code`, `description`, `category_id`, `unit_id`, `supplier_id`, `purchase_price`, `selling_price`, `quantity`, `minimum_stock`, `product_image`, `created_by`, `updated_by`, `created_at`, `updated_at`, `deleted_at`) VALUES ('3', 'PVC Card6', 'ITM-00057', '2021-pc-productcard', NULL, 'this is a test Product Image this is a test Product Image', '2', '2', NULL, '87.00', '9.00', '96.00', '8.00', 'uploads/products/1774773716_03fa408654508315d6e4.jpg', '1', '1', '2026-03-29 08:41:56', '2026-03-29 22:09:23', NULL);
INSERT INTO `products` (`id`, `product_name`, `sku`, `barcode`, `qr_code`, `description`, `category_id`, `unit_id`, `supplier_id`, `purchase_price`, `selling_price`, `quantity`, `minimum_stock`, `product_image`, `created_by`, `updated_by`, `created_at`, `updated_at`, `deleted_at`) VALUES ('4', 'PVC Card0', 'p0005', '2021-pc0-productcard9', NULL, 'kjkj kjkj ', '2', '2', '1', '88.00', '90.00', '85.00', '76.00', 'uploads/products/1774775483_199b431a0e3dfcceed36.jpg', '1', '1', '2026-03-29 09:11:23', '2026-03-29 15:46:36', NULL);
INSERT INTO `products` (`id`, `product_name`, `sku`, `barcode`, `qr_code`, `description`, `category_id`, `unit_id`, `supplier_id`, `purchase_price`, `selling_price`, `quantity`, `minimum_stock`, `product_image`, `created_by`, `updated_by`, `created_at`, `updated_at`, `deleted_at`) VALUES ('5', 'PVC Card56', 'adj', '78', NULL, 'Description Description Description Description ', '2', '2', '1', '76.00', '87.00', '67.00', '66.00', 'uploads/products/1774776163_19463f706c7b7b52a53b.jpg', '1', NULL, '2026-03-29 09:22:43', '2026-03-29 09:22:43', NULL);
INSERT INTO `products` (`id`, `product_name`, `sku`, `barcode`, `qr_code`, `description`, `category_id`, `unit_id`, `supplier_id`, `purchase_price`, `selling_price`, `quantity`, `minimum_stock`, `product_image`, `created_by`, `updated_by`, `created_at`, `updated_at`, `deleted_at`) VALUES ('6', 'dell computer ', '23099', 'bhf', NULL, 'Description Description Description Description', '4', '1', '1', '200.00', '300.00', '93.00', '10.00', 'uploads/products/1774776951_5041420a1c1c80c9ca45.jpg', '1', '1', '2026-03-29 09:35:51', '2026-03-29 20:38:46', NULL);
INSERT INTO `products` (`id`, `product_name`, `sku`, `barcode`, `qr_code`, `description`, `category_id`, `unit_id`, `supplier_id`, `purchase_price`, `selling_price`, `quantity`, `minimum_stock`, `product_image`, `created_by`, `updated_by`, `created_at`, `updated_at`, `deleted_at`) VALUES ('7', 'PVC Card90', '700005', '2021-pc-productcard8', NULL, 'Description Description Description', '2', '1', '1', '700.00', '300.00', '0.00', '0.00', 'uploads/products/1774778749_39b3641baf81c5314453.jpg', '1', NULL, '2026-03-29 10:05:49', '2026-03-29 10:05:49', NULL);
INSERT INTO `products` (`id`, `product_name`, `sku`, `barcode`, `qr_code`, `description`, `category_id`, `unit_id`, `supplier_id`, `purchase_price`, `selling_price`, `quantity`, `minimum_stock`, `product_image`, `created_by`, `updated_by`, `created_at`, `updated_at`, `deleted_at`) VALUES ('8', 'PVC Card54', 'ITM-090001', '2021-pc-productcard99', NULL, 'This is the begining of unwanted winsdom', '4', '2', '1', '67.00', '76.00', '64.00', '21.00', 'uploads/products/1774779485_a0178cb7d755abf39fc0.jpg', '1', '1', '2026-03-29 10:18:05', '2026-03-29 15:46:36', NULL);
INSERT INTO `products` (`id`, `product_name`, `sku`, `barcode`, `qr_code`, `description`, `category_id`, `unit_id`, `supplier_id`, `purchase_price`, `selling_price`, `quantity`, `minimum_stock`, `product_image`, `created_by`, `updated_by`, `created_at`, `updated_at`, `deleted_at`) VALUES ('9', 'PVC Card569', 'ITM-00058', '2021-pc-7productcard9', NULL, 'Description Description', '2', '1', '1', '76.00', '90.00', '76.00', '71.00', 'uploads/products/1774786759_c0e468f23edeba51f007.jpg', '1', NULL, '2026-03-29 12:19:19', '2026-03-29 12:19:19', NULL);
INSERT INTO `products` (`id`, `product_name`, `sku`, `barcode`, `qr_code`, `description`, `category_id`, `unit_id`, `supplier_id`, `purchase_price`, `selling_price`, `quantity`, `minimum_stock`, `product_image`, `created_by`, `updated_by`, `created_at`, `updated_at`, `deleted_at`) VALUES ('10', 'Test Ribbon', 'ITM-000172', '2021-pc-productcardb', NULL, 'this is the thing i\'ve been doing till now', '2', '3', '1', '73.00', '89.00', '2.00', '77.00', 'uploads/products/1774787210_6fb60b6d26a9160c1854.jpg', '1', '1', '2026-03-29 12:26:50', '2026-03-29 15:43:35', NULL);
INSERT INTO `products` (`id`, `product_name`, `sku`, `barcode`, `qr_code`, `description`, `category_id`, `unit_id`, `supplier_id`, `purchase_price`, `selling_price`, `quantity`, `minimum_stock`, `product_image`, `created_by`, `updated_by`, `created_at`, `updated_at`, `deleted_at`) VALUES ('11', 'Test Ribbonnyt', 'llki', '2021-pc-productcard9y', NULL, 'Thank you bro it\'s bad Thank you bro it\'s bad', '2', '2', '1', '87.00', '93.00', '67.00', '8.00', 'uploads/products/1774787650_d9d7e1770316866ac9e9.jpg', '1', NULL, '2026-03-29 12:34:10', '2026-03-29 12:34:10', NULL);

DROP TABLE IF EXISTS `purchase_items`;
CREATE TABLE `purchase_items` (
  `id` int(11) unsigned NOT NULL AUTO_INCREMENT,
  `purchase_id` int(11) unsigned NOT NULL,
  `product_id` int(11) unsigned NOT NULL,
  `quantity` decimal(15,2) NOT NULL,
  `unit_price` decimal(15,2) NOT NULL,
  `total_price` decimal(15,2) NOT NULL,
  `created_at` datetime DEFAULT NULL,
  `updated_at` datetime DEFAULT NULL,
  PRIMARY KEY (`id`),
  KEY `purchase_items_purchase_id_foreign` (`purchase_id`),
  KEY `purchase_items_product_id_foreign` (`product_id`),
  CONSTRAINT `purchase_items_product_id_foreign` FOREIGN KEY (`product_id`) REFERENCES `products` (`id`) ON DELETE CASCADE,
  CONSTRAINT `purchase_items_purchase_id_foreign` FOREIGN KEY (`purchase_id`) REFERENCES `purchases` (`id`) ON DELETE CASCADE ON UPDATE CASCADE
) ENGINE=InnoDB AUTO_INCREMENT=5 DEFAULT CHARSET=utf8mb4 COLLATE=utf8mb4_general_ci;

INSERT INTO `purchase_items` (`id`, `purchase_id`, `product_id`, `quantity`, `unit_price`, `total_price`, `created_at`, `updated_at`) VALUES ('1', '1', '2', '677.00', '40.00', '27080.00', '2026-03-29 13:43:45', '2026-03-29 13:43:45');
INSERT INTO `purchase_items` (`id`, `purchase_id`, `product_id`, `quantity`, `unit_price`, `total_price`, `created_at`, `updated_at`) VALUES ('2', '1', '4', '7.00', '8.00', '56.00', '2026-03-29 13:43:45', '2026-03-29 13:43:45');
INSERT INTO `purchase_items` (`id`, `purchase_id`, `product_id`, `quantity`, `unit_price`, `total_price`, `created_at`, `updated_at`) VALUES ('3', '2', '3', '67.00', '27.00', '1809.00', '2026-03-29 14:20:06', '2026-03-29 14:20:06');
INSERT INTO `purchase_items` (`id`, `purchase_id`, `product_id`, `quantity`, `unit_price`, `total_price`, `created_at`, `updated_at`) VALUES ('4', '2', '7', '45.00', '71.00', '3195.00', '2026-03-29 14:20:06', '2026-03-29 14:20:06');

DROP TABLE IF EXISTS `purchases`;
CREATE TABLE `purchases` (
  `id` int(11) unsigned NOT NULL AUTO_INCREMENT,
  `purchase_number` varchar(100) NOT NULL,
  `supplier_id` int(11) unsigned DEFAULT NULL,
  `supplier_name` varchar(255) DEFAULT NULL,
  `invoice_number` varchar(100) DEFAULT NULL,
  `purchase_date` date NOT NULL,
  `subtotal` decimal(15,2) NOT NULL DEFAULT 0.00,
  `tax` decimal(15,2) NOT NULL DEFAULT 0.00,
  `discount` decimal(15,2) NOT NULL DEFAULT 0.00,
  `total_amount` decimal(15,2) NOT NULL DEFAULT 0.00,
  `currency` enum('LRD','USD') NOT NULL DEFAULT 'LRD',
  `exchange_rate` decimal(10,4) DEFAULT NULL,
  `payment_status` enum('Paid','Unpaid','Partial') NOT NULL DEFAULT 'Unpaid',
  `payment_method` varchar(50) DEFAULT NULL,
  `notes` text DEFAULT NULL,
  `status` enum('Draft','Received','Cancelled') NOT NULL DEFAULT 'Draft',
  `created_by` int(11) unsigned NOT NULL,
  `updated_by` int(11) unsigned DEFAULT NULL,
  `created_at` datetime DEFAULT NULL,
  `updated_at` datetime DEFAULT NULL,
  `deleted_at` datetime DEFAULT NULL,
  PRIMARY KEY (`id`),
  UNIQUE KEY `purchase_number` (`purchase_number`),
  KEY `purchases_supplier_id_foreign` (`supplier_id`),
  KEY `purchases_created_by_foreign` (`created_by`),
  KEY `purchases_updated_by_foreign` (`updated_by`),
  CONSTRAINT `purchases_created_by_foreign` FOREIGN KEY (`created_by`) REFERENCES `users` (`id`) ON DELETE CASCADE,
  CONSTRAINT `purchases_supplier_id_foreign` FOREIGN KEY (`supplier_id`) REFERENCES `suppliers` (`id`) ON DELETE CASCADE ON UPDATE SET NULL,
  CONSTRAINT `purchases_updated_by_foreign` FOREIGN KEY (`updated_by`) REFERENCES `users` (`id`) ON DELETE CASCADE ON UPDATE SET NULL
) ENGINE=InnoDB AUTO_INCREMENT=3 DEFAULT CHARSET=utf8mb4 COLLATE=utf8mb4_general_ci;

INSERT INTO `purchases` (`id`, `purchase_number`, `supplier_id`, `supplier_name`, `invoice_number`, `purchase_date`, `subtotal`, `tax`, `discount`, `total_amount`, `currency`, `exchange_rate`, `payment_status`, `payment_method`, `notes`, `status`, `created_by`, `updated_by`, `created_at`, `updated_at`, `deleted_at`) VALUES ('1', 'PO-202603-0001', '1', 'Epiwave', NULL, '2026-03-20', '27136.00', '0.00', '0.00', '27136.00', 'USD', '1.0000', 'Paid', NULL, 'This is very good', 'Received', '1', '1', '2026-03-29 13:43:45', '2026-03-29 14:25:47', NULL);
INSERT INTO `purchases` (`id`, `purchase_number`, `supplier_id`, `supplier_name`, `invoice_number`, `purchase_date`, `subtotal`, `tax`, `discount`, `total_amount`, `currency`, `exchange_rate`, `payment_status`, `payment_method`, `notes`, `status`, `created_by`, `updated_by`, `created_at`, `updated_at`, `deleted_at`) VALUES ('2', 'PO-202603-0002', '1', 'Epiwave', NULL, '2026-03-29', '5004.00', '0.00', '0.00', '5004.00', 'LRD', '1.0000', 'Partial', NULL, '', 'Draft', '1', NULL, '2026-03-29 14:20:06', '2026-03-29 14:20:06', NULL);

DROP TABLE IF EXISTS `role_permissions`;
CREATE TABLE `role_permissions` (
  `id` int(11) unsigned NOT NULL AUTO_INCREMENT,
  `role_id` int(11) unsigned NOT NULL,
  `permission_id` int(11) unsigned NOT NULL,
  `created_at` datetime DEFAULT NULL,
  PRIMARY KEY (`id`),
  UNIQUE KEY `role_id_permission_id` (`role_id`,`permission_id`),
  KEY `role_permissions_permission_id_foreign` (`permission_id`),
  CONSTRAINT `role_permissions_permission_id_foreign` FOREIGN KEY (`permission_id`) REFERENCES `permissions` (`id`) ON DELETE CASCADE ON UPDATE CASCADE,
  CONSTRAINT `role_permissions_role_id_foreign` FOREIGN KEY (`role_id`) REFERENCES `roles` (`id`) ON DELETE CASCADE ON UPDATE CASCADE
) ENGINE=InnoDB AUTO_INCREMENT=63 DEFAULT CHARSET=utf8mb4 COLLATE=utf8mb4_general_ci;

INSERT INTO `role_permissions` (`id`, `role_id`, `permission_id`, `created_at`) VALUES ('1', '1', '1', '2026-03-22 13:31:48');
INSERT INTO `role_permissions` (`id`, `role_id`, `permission_id`, `created_at`) VALUES ('2', '1', '2', '2026-03-22 13:31:48');
INSERT INTO `role_permissions` (`id`, `role_id`, `permission_id`, `created_at`) VALUES ('3', '1', '3', '2026-03-22 13:31:48');
INSERT INTO `role_permissions` (`id`, `role_id`, `permission_id`, `created_at`) VALUES ('4', '1', '4', '2026-03-22 13:31:48');
INSERT INTO `role_permissions` (`id`, `role_id`, `permission_id`, `created_at`) VALUES ('5', '1', '5', '2026-03-22 13:31:48');
INSERT INTO `role_permissions` (`id`, `role_id`, `permission_id`, `created_at`) VALUES ('6', '1', '6', '2026-03-22 13:31:48');
INSERT INTO `role_permissions` (`id`, `role_id`, `permission_id`, `created_at`) VALUES ('7', '1', '7', '2026-03-22 13:31:48');
INSERT INTO `role_permissions` (`id`, `role_id`, `permission_id`, `created_at`) VALUES ('8', '1', '8', '2026-03-22 13:31:48');
INSERT INTO `role_permissions` (`id`, `role_id`, `permission_id`, `created_at`) VALUES ('9', '1', '9', '2026-03-22 13:31:48');
INSERT INTO `role_permissions` (`id`, `role_id`, `permission_id`, `created_at`) VALUES ('10', '1', '10', '2026-03-22 13:31:48');
INSERT INTO `role_permissions` (`id`, `role_id`, `permission_id`, `created_at`) VALUES ('11', '1', '11', '2026-03-22 13:31:48');
INSERT INTO `role_permissions` (`id`, `role_id`, `permission_id`, `created_at`) VALUES ('12', '1', '12', '2026-03-22 13:31:48');
INSERT INTO `role_permissions` (`id`, `role_id`, `permission_id`, `created_at`) VALUES ('13', '1', '13', '2026-03-22 13:31:48');
INSERT INTO `role_permissions` (`id`, `role_id`, `permission_id`, `created_at`) VALUES ('14', '1', '14', '2026-03-22 13:31:48');
INSERT INTO `role_permissions` (`id`, `role_id`, `permission_id`, `created_at`) VALUES ('15', '1', '15', '2026-03-22 13:31:48');
INSERT INTO `role_permissions` (`id`, `role_id`, `permission_id`, `created_at`) VALUES ('16', '1', '16', '2026-03-22 13:31:48');
INSERT INTO `role_permissions` (`id`, `role_id`, `permission_id`, `created_at`) VALUES ('17', '1', '17', '2026-03-22 13:31:48');
INSERT INTO `role_permissions` (`id`, `role_id`, `permission_id`, `created_at`) VALUES ('18', '2', '6', '2026-03-22 13:31:48');
INSERT INTO `role_permissions` (`id`, `role_id`, `permission_id`, `created_at`) VALUES ('19', '2', '7', '2026-03-22 13:31:48');
INSERT INTO `role_permissions` (`id`, `role_id`, `permission_id`, `created_at`) VALUES ('20', '2', '8', '2026-03-22 13:31:48');
INSERT INTO `role_permissions` (`id`, `role_id`, `permission_id`, `created_at`) VALUES ('21', '2', '9', '2026-03-22 13:31:48');
INSERT INTO `role_permissions` (`id`, `role_id`, `permission_id`, `created_at`) VALUES ('22', '2', '10', '2026-03-22 13:31:48');
INSERT INTO `role_permissions` (`id`, `role_id`, `permission_id`, `created_at`) VALUES ('23', '2', '11', '2026-03-22 13:31:48');
INSERT INTO `role_permissions` (`id`, `role_id`, `permission_id`, `created_at`) VALUES ('24', '2', '12', '2026-03-22 13:31:48');
INSERT INTO `role_permissions` (`id`, `role_id`, `permission_id`, `created_at`) VALUES ('25', '2', '13', '2026-03-22 13:31:48');
INSERT INTO `role_permissions` (`id`, `role_id`, `permission_id`, `created_at`) VALUES ('26', '3', '14', '2026-03-22 13:31:48');
INSERT INTO `role_permissions` (`id`, `role_id`, `permission_id`, `created_at`) VALUES ('27', '3', '15', '2026-03-22 13:31:48');
INSERT INTO `role_permissions` (`id`, `role_id`, `permission_id`, `created_at`) VALUES ('28', '3', '16', '2026-03-22 13:31:48');
INSERT INTO `role_permissions` (`id`, `role_id`, `permission_id`, `created_at`) VALUES ('29', '3', '17', '2026-03-22 13:31:48');
INSERT INTO `role_permissions` (`id`, `role_id`, `permission_id`, `created_at`) VALUES ('30', '1', '18', '2026-04-01 17:25:35');
INSERT INTO `role_permissions` (`id`, `role_id`, `permission_id`, `created_at`) VALUES ('31', '2', '18', '2026-04-01 17:25:35');
INSERT INTO `role_permissions` (`id`, `role_id`, `permission_id`, `created_at`) VALUES ('32', '3', '18', '2026-04-01 17:25:35');
INSERT INTO `role_permissions` (`id`, `role_id`, `permission_id`, `created_at`) VALUES ('33', '1', '19', '2026-04-01 17:25:35');
INSERT INTO `role_permissions` (`id`, `role_id`, `permission_id`, `created_at`) VALUES ('34', '2', '19', '2026-04-01 17:25:35');
INSERT INTO `role_permissions` (`id`, `role_id`, `permission_id`, `created_at`) VALUES ('35', '3', '19', '2026-04-01 17:25:35');
INSERT INTO `role_permissions` (`id`, `role_id`, `permission_id`, `created_at`) VALUES ('36', '1', '20', '2026-04-01 17:25:35');
INSERT INTO `role_permissions` (`id`, `role_id`, `permission_id`, `created_at`) VALUES ('37', '2', '20', '2026-04-01 17:25:35');
INSERT INTO `role_permissions` (`id`, `role_id`, `permission_id`, `created_at`) VALUES ('38', '1', '21', '2026-04-01 17:25:35');
INSERT INTO `role_permissions` (`id`, `role_id`, `permission_id`, `created_at`) VALUES ('39', '2', '21', '2026-04-01 17:25:35');
INSERT INTO `role_permissions` (`id`, `role_id`, `permission_id`, `created_at`) VALUES ('40', '1', '22', '2026-04-01 17:25:35');
INSERT INTO `role_permissions` (`id`, `role_id`, `permission_id`, `created_at`) VALUES ('41', '2', '22', '2026-04-01 17:25:35');
INSERT INTO `role_permissions` (`id`, `role_id`, `permission_id`, `created_at`) VALUES ('42', '1', '23', '2026-04-01 17:25:35');
INSERT INTO `role_permissions` (`id`, `role_id`, `permission_id`, `created_at`) VALUES ('43', '2', '23', '2026-04-01 17:25:35');
INSERT INTO `role_permissions` (`id`, `role_id`, `permission_id`, `created_at`) VALUES ('44', '3', '23', '2026-04-01 17:25:35');
INSERT INTO `role_permissions` (`id`, `role_id`, `permission_id`, `created_at`) VALUES ('45', '1', '24', '2026-04-01 17:25:35');
INSERT INTO `role_permissions` (`id`, `role_id`, `permission_id`, `created_at`) VALUES ('46', '2', '24', '2026-04-01 17:25:35');
INSERT INTO `role_permissions` (`id`, `role_id`, `permission_id`, `created_at`) VALUES ('47', '3', '24', '2026-04-01 17:25:35');
INSERT INTO `role_permissions` (`id`, `role_id`, `permission_id`, `created_at`) VALUES ('48', '1', '25', '2026-04-01 17:25:35');
INSERT INTO `role_permissions` (`id`, `role_id`, `permission_id`, `created_at`) VALUES ('49', '2', '25', '2026-04-01 17:25:35');
INSERT INTO `role_permissions` (`id`, `role_id`, `permission_id`, `created_at`) VALUES ('50', '1', '26', '2026-04-01 17:25:35');
INSERT INTO `role_permissions` (`id`, `role_id`, `permission_id`, `created_at`) VALUES ('51', '2', '26', '2026-04-01 17:25:35');
INSERT INTO `role_permissions` (`id`, `role_id`, `permission_id`, `created_at`) VALUES ('52', '1', '27', '2026-04-01 17:25:35');
INSERT INTO `role_permissions` (`id`, `role_id`, `permission_id`, `created_at`) VALUES ('53', '2', '27', '2026-04-01 17:25:35');
INSERT INTO `role_permissions` (`id`, `role_id`, `permission_id`, `created_at`) VALUES ('54', '1', '28', '2026-04-01 17:25:35');
INSERT INTO `role_permissions` (`id`, `role_id`, `permission_id`, `created_at`) VALUES ('55', '2', '28', '2026-04-01 17:25:35');
INSERT INTO `role_permissions` (`id`, `role_id`, `permission_id`, `created_at`) VALUES ('56', '1', '29', '2026-04-01 17:25:35');
INSERT INTO `role_permissions` (`id`, `role_id`, `permission_id`, `created_at`) VALUES ('57', '2', '29', '2026-04-01 17:25:35');
INSERT INTO `role_permissions` (`id`, `role_id`, `permission_id`, `created_at`) VALUES ('58', '1', '30', '2026-04-01 17:25:35');
INSERT INTO `role_permissions` (`id`, `role_id`, `permission_id`, `created_at`) VALUES ('59', '2', '30', '2026-04-01 17:25:35');
INSERT INTO `role_permissions` (`id`, `role_id`, `permission_id`, `created_at`) VALUES ('60', '1', '31', '2026-04-01 17:25:35');
INSERT INTO `role_permissions` (`id`, `role_id`, `permission_id`, `created_at`) VALUES ('61', '1', '32', '2026-04-01 17:25:35');
INSERT INTO `role_permissions` (`id`, `role_id`, `permission_id`, `created_at`) VALUES ('62', '1', '33', '2026-04-01 17:25:35');

DROP TABLE IF EXISTS `roles`;
CREATE TABLE `roles` (
  `id` int(11) unsigned NOT NULL AUTO_INCREMENT,
  `role_name` varchar(50) NOT NULL,
  `description` text DEFAULT NULL,
  `created_at` datetime DEFAULT NULL,
  `updated_at` datetime DEFAULT NULL,
  `deleted_at` datetime DEFAULT NULL,
  PRIMARY KEY (`id`),
  UNIQUE KEY `role_name` (`role_name`)
) ENGINE=InnoDB AUTO_INCREMENT=5 DEFAULT CHARSET=utf8mb4 COLLATE=utf8mb4_general_ci;

INSERT INTO `roles` (`id`, `role_name`, `description`, `created_at`, `updated_at`, `deleted_at`) VALUES ('1', 'Admin', 'Full system control and configuration', '2026-03-22 13:31:48', '2026-03-22 13:31:48', NULL);
INSERT INTO `roles` (`id`, `role_name`, `description`, `created_at`, `updated_at`, `deleted_at`) VALUES ('2', 'Manager', 'Day-to-day operations and reporting', '2026-03-22 13:31:48', '2026-03-22 13:31:48', NULL);
INSERT INTO `roles` (`id`, `role_name`, `description`, `created_at`, `updated_at`, `deleted_at`) VALUES ('3', 'Staff', 'Basic data entry and viewing', '2026-03-22 13:31:48', '2026-03-22 13:31:48', NULL);

DROP TABLE IF EXISTS `sale_items`;
CREATE TABLE `sale_items` (
  `id` int(11) unsigned NOT NULL AUTO_INCREMENT,
  `sale_id` int(11) unsigned NOT NULL,
  `product_id` int(11) unsigned NOT NULL,
  `quantity` decimal(15,2) NOT NULL,
  `unit_price` decimal(15,2) NOT NULL,
  `discount` decimal(15,2) NOT NULL DEFAULT 0.00,
  `total_price` decimal(15,2) NOT NULL,
  `created_at` datetime DEFAULT NULL,
  `updated_at` datetime DEFAULT NULL,
  PRIMARY KEY (`id`),
  KEY `sale_items_sale_id_foreign` (`sale_id`),
  KEY `sale_items_product_id_foreign` (`product_id`),
  CONSTRAINT `sale_items_product_id_foreign` FOREIGN KEY (`product_id`) REFERENCES `products` (`id`) ON DELETE CASCADE,
  CONSTRAINT `sale_items_sale_id_foreign` FOREIGN KEY (`sale_id`) REFERENCES `sales` (`id`) ON DELETE CASCADE ON UPDATE CASCADE
) ENGINE=InnoDB AUTO_INCREMENT=8 DEFAULT CHARSET=utf8mb4 COLLATE=utf8mb4_general_ci;

INSERT INTO `sale_items` (`id`, `sale_id`, `product_id`, `quantity`, `unit_price`, `discount`, `total_price`, `created_at`, `updated_at`) VALUES ('1', '1', '2', '1.00', '30.00', '0.00', '30.00', '2026-03-29 15:41:23', '2026-03-29 15:41:23');
INSERT INTO `sale_items` (`id`, `sale_id`, `product_id`, `quantity`, `unit_price`, `discount`, `total_price`, `created_at`, `updated_at`) VALUES ('2', '2', '2', '3.00', '30.00', '0.00', '90.00', '2026-03-29 15:43:35', '2026-03-29 15:43:35');
INSERT INTO `sale_items` (`id`, `sale_id`, `product_id`, `quantity`, `unit_price`, `discount`, `total_price`, `created_at`, `updated_at`) VALUES ('3', '2', '4', '1.00', '90.00', '0.00', '90.00', '2026-03-29 15:43:35', '2026-03-29 15:43:35');
INSERT INTO `sale_items` (`id`, `sale_id`, `product_id`, `quantity`, `unit_price`, `discount`, `total_price`, `created_at`, `updated_at`) VALUES ('4', '2', '10', '1.00', '89.00', '0.00', '89.00', '2026-03-29 15:43:35', '2026-03-29 15:43:35');
INSERT INTO `sale_items` (`id`, `sale_id`, `product_id`, `quantity`, `unit_price`, `discount`, `total_price`, `created_at`, `updated_at`) VALUES ('5', '3', '2', '1.00', '30.00', '0.00', '30.00', '2026-03-29 15:46:36', '2026-03-29 15:46:36');
INSERT INTO `sale_items` (`id`, `sale_id`, `product_id`, `quantity`, `unit_price`, `discount`, `total_price`, `created_at`, `updated_at`) VALUES ('6', '3', '4', '1.00', '90.00', '0.00', '90.00', '2026-03-29 15:46:36', '2026-03-29 15:46:36');
INSERT INTO `sale_items` (`id`, `sale_id`, `product_id`, `quantity`, `unit_price`, `discount`, `total_price`, `created_at`, `updated_at`) VALUES ('7', '3', '8', '1.00', '76.00', '0.00', '76.00', '2026-03-29 15:46:36', '2026-03-29 15:46:36');

DROP TABLE IF EXISTS `sales`;
CREATE TABLE `sales` (
  `id` int(11) unsigned NOT NULL AUTO_INCREMENT,
  `invoice_number` varchar(100) NOT NULL,
  `customer_id` int(11) unsigned DEFAULT NULL,
  `customer_name` varchar(255) DEFAULT NULL,
  `customer_phone` varchar(50) DEFAULT NULL,
  `customer_email` varchar(255) DEFAULT NULL,
  `sale_date` date NOT NULL,
  `subtotal` decimal(15,2) NOT NULL DEFAULT 0.00,
  `tax` decimal(15,2) NOT NULL DEFAULT 0.00,
  `discount` decimal(15,2) NOT NULL DEFAULT 0.00,
  `total_amount` decimal(15,2) NOT NULL DEFAULT 0.00,
  `currency` enum('LRD','USD') NOT NULL DEFAULT 'LRD',
  `exchange_rate` decimal(10,4) DEFAULT NULL,
  `payment_method` varchar(50) NOT NULL,
  `payment_status` enum('Paid','Unpaid','Partial') NOT NULL DEFAULT 'Unpaid',
  `amount_paid` decimal(15,2) NOT NULL DEFAULT 0.00,
  `balance_due` decimal(15,2) NOT NULL DEFAULT 0.00,
  `notes` text DEFAULT NULL,
  `qr_code` text DEFAULT NULL,
  `created_by` int(11) unsigned NOT NULL,
  `updated_by` int(11) unsigned DEFAULT NULL,
  `created_at` datetime DEFAULT NULL,
  `updated_at` datetime DEFAULT NULL,
  `deleted_at` datetime DEFAULT NULL,
  PRIMARY KEY (`id`),
  UNIQUE KEY `invoice_number` (`invoice_number`),
  KEY `sales_customer_id_foreign` (`customer_id`),
  KEY `sales_created_by_foreign` (`created_by`),
  KEY `sales_updated_by_foreign` (`updated_by`),
  CONSTRAINT `sales_created_by_foreign` FOREIGN KEY (`created_by`) REFERENCES `users` (`id`) ON DELETE CASCADE,
  CONSTRAINT `sales_customer_id_foreign` FOREIGN KEY (`customer_id`) REFERENCES `customers` (`id`) ON DELETE CASCADE ON UPDATE SET NULL,
  CONSTRAINT `sales_updated_by_foreign` FOREIGN KEY (`updated_by`) REFERENCES `users` (`id`) ON DELETE CASCADE ON UPDATE SET NULL
) ENGINE=InnoDB AUTO_INCREMENT=4 DEFAULT CHARSET=utf8mb4 COLLATE=utf8mb4_general_ci;

INSERT INTO `sales` (`id`, `invoice_number`, `customer_id`, `customer_name`, `customer_phone`, `customer_email`, `sale_date`, `subtotal`, `tax`, `discount`, `total_amount`, `currency`, `exchange_rate`, `payment_method`, `payment_status`, `amount_paid`, `balance_due`, `notes`, `qr_code`, `created_by`, `updated_by`, `created_at`, `updated_at`, `deleted_at`) VALUES ('1', 'INV-202603-0001', NULL, 'Walk-in Customer', NULL, NULL, '2026-03-29', '30.00', '0.00', '0.00', '30.00', 'LRD', '1.0000', 'Mobile Money', 'Unpaid', '0.00', '30.00', '', NULL, '1', NULL, '2026-03-29 15:41:23', '2026-03-29 15:41:23', NULL);
INSERT INTO `sales` (`id`, `invoice_number`, `customer_id`, `customer_name`, `customer_phone`, `customer_email`, `sale_date`, `subtotal`, `tax`, `discount`, `total_amount`, `currency`, `exchange_rate`, `payment_method`, `payment_status`, `amount_paid`, `balance_due`, `notes`, `qr_code`, `created_by`, `updated_by`, `created_at`, `updated_at`, `deleted_at`) VALUES ('2', 'INV-202603-0002', '1', 'Same G', '0775577736', 'testemail@gmail.com', '2026-03-29', '269.00', '0.00', '0.00', '269.00', 'USD', '1.0000', 'Card', 'Unpaid', '0.00', '269.00', '', NULL, '1', NULL, '2026-03-29 15:43:35', '2026-03-29 15:43:35', NULL);
INSERT INTO `sales` (`id`, `invoice_number`, `customer_id`, `customer_name`, `customer_phone`, `customer_email`, `sale_date`, `subtotal`, `tax`, `discount`, `total_amount`, `currency`, `exchange_rate`, `payment_method`, `payment_status`, `amount_paid`, `balance_due`, `notes`, `qr_code`, `created_by`, `updated_by`, `created_at`, `updated_at`, `deleted_at`) VALUES ('3', 'INV-202603-0003', '1', 'Same G', '0775577736', 'testemail@gmail.com', '2026-03-29', '196.00', '0.00', '0.00', '196.00', 'USD', '1.0000', 'Cash', 'Partial', '0.00', '196.00', 'This is a good time to retrospecct', NULL, '1', NULL, '2026-03-29 15:46:36', '2026-03-29 15:46:36', NULL);

DROP TABLE IF EXISTS `stock_movements`;
CREATE TABLE `stock_movements` (
  `id` int(11) unsigned NOT NULL AUTO_INCREMENT,
  `product_id` int(11) unsigned NOT NULL,
  `movement_type` enum('Purchase','Sale','Production','Adjustment') NOT NULL,
  `reference_type` varchar(50) NOT NULL,
  `reference_id` int(11) unsigned NOT NULL,
  `quantity` decimal(15,2) NOT NULL,
  `previous_quantity` decimal(15,2) NOT NULL,
  `new_quantity` decimal(15,2) NOT NULL,
  `unit_price` decimal(15,2) DEFAULT NULL,
  `total_value` decimal(15,2) DEFAULT NULL,
  `currency` enum('LRD','USD') NOT NULL DEFAULT 'LRD',
  `exchange_rate` decimal(10,4) DEFAULT NULL,
  `created_by` int(11) unsigned NOT NULL,
  `created_at` datetime DEFAULT NULL,
  PRIMARY KEY (`id`),
  KEY `stock_movements_created_by_foreign` (`created_by`),
  KEY `product_id` (`product_id`),
  KEY `reference_type_reference_id` (`reference_type`,`reference_id`),
  CONSTRAINT `stock_movements_created_by_foreign` FOREIGN KEY (`created_by`) REFERENCES `users` (`id`) ON DELETE CASCADE,
  CONSTRAINT `stock_movements_product_id_foreign` FOREIGN KEY (`product_id`) REFERENCES `products` (`id`) ON DELETE CASCADE
) ENGINE=InnoDB AUTO_INCREMENT=18 DEFAULT CHARSET=utf8mb4 COLLATE=utf8mb4_general_ci;

INSERT INTO `stock_movements` (`id`, `product_id`, `movement_type`, `reference_type`, `reference_id`, `quantity`, `previous_quantity`, `new_quantity`, `unit_price`, `total_value`, `currency`, `exchange_rate`, `created_by`, `created_at`) VALUES ('1', '11', 'Adjustment', 'initial_stock', '11', '67.00', '0.00', '67.00', NULL, NULL, 'LRD', NULL, '1', NULL);
INSERT INTO `stock_movements` (`id`, `product_id`, `movement_type`, `reference_type`, `reference_id`, `quantity`, `previous_quantity`, `new_quantity`, `unit_price`, `total_value`, `currency`, `exchange_rate`, `created_by`, `created_at`) VALUES ('2', '2', 'Purchase', 'purchase', '1', '677.00', '35.00', '712.00', '40.00', '27080.00', 'USD', NULL, '1', NULL);
INSERT INTO `stock_movements` (`id`, `product_id`, `movement_type`, `reference_type`, `reference_id`, `quantity`, `previous_quantity`, `new_quantity`, `unit_price`, `total_value`, `currency`, `exchange_rate`, `created_by`, `created_at`) VALUES ('3', '4', 'Purchase', 'purchase', '1', '7.00', '80.00', '87.00', '8.00', '56.00', 'USD', NULL, '1', NULL);
INSERT INTO `stock_movements` (`id`, `product_id`, `movement_type`, `reference_type`, `reference_id`, `quantity`, `previous_quantity`, `new_quantity`, `unit_price`, `total_value`, `currency`, `exchange_rate`, `created_by`, `created_at`) VALUES ('4', '2', 'Sale', 'sale', '1', '-1.00', '712.00', '711.00', '30.00', '30.00', 'LRD', NULL, '1', NULL);
INSERT INTO `stock_movements` (`id`, `product_id`, `movement_type`, `reference_type`, `reference_id`, `quantity`, `previous_quantity`, `new_quantity`, `unit_price`, `total_value`, `currency`, `exchange_rate`, `created_by`, `created_at`) VALUES ('5', '2', 'Sale', 'sale', '2', '-3.00', '711.00', '708.00', '30.00', '90.00', 'USD', NULL, '1', NULL);
INSERT INTO `stock_movements` (`id`, `product_id`, `movement_type`, `reference_type`, `reference_id`, `quantity`, `previous_quantity`, `new_quantity`, `unit_price`, `total_value`, `currency`, `exchange_rate`, `created_by`, `created_at`) VALUES ('6', '4', 'Sale', 'sale', '2', '-1.00', '87.00', '86.00', '90.00', '90.00', 'USD', NULL, '1', NULL);
INSERT INTO `stock_movements` (`id`, `product_id`, `movement_type`, `reference_type`, `reference_id`, `quantity`, `previous_quantity`, `new_quantity`, `unit_price`, `total_value`, `currency`, `exchange_rate`, `created_by`, `created_at`) VALUES ('7', '10', 'Sale', 'sale', '2', '-1.00', '3.00', '2.00', '89.00', '89.00', 'USD', NULL, '1', NULL);
INSERT INTO `stock_movements` (`id`, `product_id`, `movement_type`, `reference_type`, `reference_id`, `quantity`, `previous_quantity`, `new_quantity`, `unit_price`, `total_value`, `currency`, `exchange_rate`, `created_by`, `created_at`) VALUES ('8', '2', 'Sale', 'sale', '3', '-1.00', '708.00', '707.00', '30.00', '30.00', 'USD', NULL, '1', NULL);
INSERT INTO `stock_movements` (`id`, `product_id`, `movement_type`, `reference_type`, `reference_id`, `quantity`, `previous_quantity`, `new_quantity`, `unit_price`, `total_value`, `currency`, `exchange_rate`, `created_by`, `created_at`) VALUES ('9', '4', 'Sale', 'sale', '3', '-1.00', '86.00', '85.00', '90.00', '90.00', 'USD', NULL, '1', NULL);
INSERT INTO `stock_movements` (`id`, `product_id`, `movement_type`, `reference_type`, `reference_id`, `quantity`, `previous_quantity`, `new_quantity`, `unit_price`, `total_value`, `currency`, `exchange_rate`, `created_by`, `created_at`) VALUES ('10', '8', 'Sale', 'sale', '3', '-1.00', '65.00', '64.00', '76.00', '76.00', 'USD', NULL, '1', NULL);
INSERT INTO `stock_movements` (`id`, `product_id`, `movement_type`, `reference_type`, `reference_id`, `quantity`, `previous_quantity`, `new_quantity`, `unit_price`, `total_value`, `currency`, `exchange_rate`, `created_by`, `created_at`) VALUES ('11', '3', 'Adjustment', 'stock_adjustment', '3', '0.00', '89.00', '89.00', NULL, NULL, 'LRD', NULL, '1', NULL);
INSERT INTO `stock_movements` (`id`, `product_id`, `movement_type`, `reference_type`, `reference_id`, `quantity`, `previous_quantity`, `new_quantity`, `unit_price`, `total_value`, `currency`, `exchange_rate`, `created_by`, `created_at`) VALUES ('12', '6', 'Adjustment', 'stock_adjustment', '6', '0.00', '93.00', '93.00', NULL, NULL, 'LRD', NULL, '1', NULL);
INSERT INTO `stock_movements` (`id`, `product_id`, `movement_type`, `reference_type`, `reference_id`, `quantity`, `previous_quantity`, `new_quantity`, `unit_price`, `total_value`, `currency`, `exchange_rate`, `created_by`, `created_at`) VALUES ('13', '3', 'Adjustment', 'stock_adjustment', '3', '7.00', '89.00', '96.00', NULL, NULL, 'LRD', NULL, '1', NULL);
INSERT INTO `stock_movements` (`id`, `product_id`, `movement_type`, `reference_type`, `reference_id`, `quantity`, `previous_quantity`, `new_quantity`, `unit_price`, `total_value`, `currency`, `exchange_rate`, `created_by`, `created_at`) VALUES ('14', '3', 'Adjustment', 'stock_adjustment', '3', '0.00', '96.00', '96.00', NULL, NULL, 'LRD', NULL, '1', NULL);
INSERT INTO `stock_movements` (`id`, `product_id`, `movement_type`, `reference_type`, `reference_id`, `quantity`, `previous_quantity`, `new_quantity`, `unit_price`, `total_value`, `currency`, `exchange_rate`, `created_by`, `created_at`) VALUES ('15', '2', 'Adjustment', 'stock_adjustment', '2', '8.00', '707.00', '715.00', NULL, NULL, 'LRD', NULL, '1', NULL);
INSERT INTO `stock_movements` (`id`, `product_id`, `movement_type`, `reference_type`, `reference_id`, `quantity`, `previous_quantity`, `new_quantity`, `unit_price`, `total_value`, `currency`, `exchange_rate`, `created_by`, `created_at`) VALUES ('16', '3', 'Adjustment', 'stock_adjustment', '3', '0.00', '96.00', '96.00', NULL, NULL, 'LRD', NULL, '1', NULL);
INSERT INTO `stock_movements` (`id`, `product_id`, `movement_type`, `reference_type`, `reference_id`, `quantity`, `previous_quantity`, `new_quantity`, `unit_price`, `total_value`, `currency`, `exchange_rate`, `created_by`, `created_at`) VALUES ('17', '2', 'Adjustment', 'stock_adjustment', '2', '8.00', '715.00', '723.00', NULL, NULL, 'LRD', NULL, '1', NULL);

DROP TABLE IF EXISTS `suppliers`;
CREATE TABLE `suppliers` (
  `id` int(11) unsigned NOT NULL AUTO_INCREMENT,
  `supplier_name` varchar(255) NOT NULL,
  `contact_person` varchar(255) DEFAULT NULL,
  `phone` varchar(50) NOT NULL,
  `email` varchar(255) DEFAULT NULL,
  `address` text DEFAULT NULL,
  `tax_number` varchar(100) DEFAULT NULL,
  `payment_terms` varchar(100) DEFAULT NULL,
  `created_by` int(11) unsigned NOT NULL,
  `updated_by` int(11) unsigned DEFAULT NULL,
  `created_at` datetime DEFAULT NULL,
  `updated_at` datetime DEFAULT NULL,
  `deleted_at` datetime DEFAULT NULL,
  PRIMARY KEY (`id`),
  KEY `suppliers_created_by_foreign` (`created_by`),
  KEY `suppliers_updated_by_foreign` (`updated_by`),
  CONSTRAINT `suppliers_created_by_foreign` FOREIGN KEY (`created_by`) REFERENCES `users` (`id`) ON DELETE CASCADE,
  CONSTRAINT `suppliers_updated_by_foreign` FOREIGN KEY (`updated_by`) REFERENCES `users` (`id`) ON DELETE CASCADE ON UPDATE SET NULL
) ENGINE=InnoDB AUTO_INCREMENT=2 DEFAULT CHARSET=utf8mb4 COLLATE=utf8mb4_general_ci;

INSERT INTO `suppliers` (`id`, `supplier_name`, `contact_person`, `phone`, `email`, `address`, `tax_number`, `payment_terms`, `created_by`, `updated_by`, `created_at`, `updated_at`, `deleted_at`) VALUES ('1', 'Epiwave', 'Mark', '0775577567', 'testemail@gmail.com', 'New Georgia Gulf', NULL, NULL, '1', NULL, '2026-03-23 15:55:39', '2026-03-23 15:55:39', NULL);

DROP TABLE IF EXISTS `system_settings`;
CREATE TABLE `system_settings` (
  `id` int(11) unsigned NOT NULL AUTO_INCREMENT,
  `setting_key` varchar(100) NOT NULL,
  `setting_value` text NOT NULL,
  `setting_type` varchar(50) NOT NULL DEFAULT 'string',
  `group` varchar(50) NOT NULL DEFAULT 'general',
  `created_at` datetime DEFAULT NULL,
  `updated_at` datetime DEFAULT NULL,
  PRIMARY KEY (`id`),
  UNIQUE KEY `setting_key` (`setting_key`)
) ENGINE=InnoDB AUTO_INCREMENT=13 DEFAULT CHARSET=utf8mb4 COLLATE=utf8mb4_general_ci;

INSERT INTO `system_settings` (`id`, `setting_key`, `setting_value`, `setting_type`, `group`, `created_at`, `updated_at`) VALUES ('1', 'business_name', 'Innovative Graphics Design & Computer Solutions', 'string', 'general', '2026-03-22 13:31:48', '2026-03-22 13:31:48');
INSERT INTO `system_settings` (`id`, `setting_key`, `setting_value`, `setting_type`, `group`, `created_at`, `updated_at`) VALUES ('2', 'business_address', 'Broad & Benson Streets, Metropolitan Building, Monrovia, Liberia', 'text', 'general', '2026-03-22 13:31:48', '2026-03-22 13:31:48');
INSERT INTO `system_settings` (`id`, `setting_key`, `setting_value`, `setting_type`, `group`, `created_at`, `updated_at`) VALUES ('3', 'business_phone', '+231-778-651-747 / 880-770-689', 'string', 'general', '2026-03-22 13:31:48', '2026-03-22 13:31:48');
INSERT INTO `system_settings` (`id`, `setting_key`, `setting_value`, `setting_type`, `group`, `created_at`, `updated_at`) VALUES ('4', 'business_email', 'info@innovativegraphics.com', 'string', 'general', '2026-03-22 13:31:48', '2026-03-22 13:31:48');
INSERT INTO `system_settings` (`id`, `setting_key`, `setting_value`, `setting_type`, `group`, `created_at`, `updated_at`) VALUES ('5', 'default_currency', 'LRD', 'string', 'currency', '2026-03-22 13:31:48', '2026-03-22 13:31:48');
INSERT INTO `system_settings` (`id`, `setting_key`, `setting_value`, `setting_type`, `group`, `created_at`, `updated_at`) VALUES ('6', 'currency_symbol_lrd', 'L$', 'string', 'currency', '2026-03-22 13:31:48', '2026-03-22 13:31:48');
INSERT INTO `system_settings` (`id`, `setting_key`, `setting_value`, `setting_type`, `group`, `created_at`, `updated_at`) VALUES ('7', 'currency_symbol_usd', '$', 'string', 'currency', '2026-03-22 13:31:48', '2026-03-22 13:31:48');
INSERT INTO `system_settings` (`id`, `setting_key`, `setting_value`, `setting_type`, `group`, `created_at`, `updated_at`) VALUES ('8', 'exchange_rate', '1.0', 'decimal', 'currency', '2026-03-22 13:31:48', '2026-03-22 13:31:48');
INSERT INTO `system_settings` (`id`, `setting_key`, `setting_value`, `setting_type`, `group`, `created_at`, `updated_at`) VALUES ('9', 'low_stock_threshold', '10', 'integer', 'inventory', '2026-03-22 13:31:48', '2026-03-22 13:31:48');
INSERT INTO `system_settings` (`id`, `setting_key`, `setting_value`, `setting_type`, `group`, `created_at`, `updated_at`) VALUES ('10', 'date_format', 'Y-m-d', 'string', 'general', '2026-03-22 13:31:48', '2026-03-22 13:31:48');
INSERT INTO `system_settings` (`id`, `setting_key`, `setting_value`, `setting_type`, `group`, `created_at`, `updated_at`) VALUES ('11', 'time_format', 'H:i:s', 'string', 'general', '2026-03-22 13:31:48', '2026-03-22 13:31:48');
INSERT INTO `system_settings` (`id`, `setting_key`, `setting_value`, `setting_type`, `group`, `created_at`, `updated_at`) VALUES ('12', 'session_timeout', '3600', 'integer', 'security', '2026-03-22 13:31:48', '2026-03-22 13:31:48');

DROP TABLE IF EXISTS `units`;
CREATE TABLE `units` (
  `id` int(11) unsigned NOT NULL AUTO_INCREMENT,
  `unit_name` varchar(50) NOT NULL,
  `unit_symbol` varchar(10) NOT NULL,
  `created_at` datetime DEFAULT NULL,
  `updated_at` datetime DEFAULT NULL,
  PRIMARY KEY (`id`),
  UNIQUE KEY `unit_name` (`unit_name`)
) ENGINE=InnoDB AUTO_INCREMENT=9 DEFAULT CHARSET=utf8mb4 COLLATE=utf8mb4_general_ci;

INSERT INTO `units` (`id`, `unit_name`, `unit_symbol`, `created_at`, `updated_at`) VALUES ('1', 'Pieces', 'pcs', '2026-03-22 13:31:48', '2026-03-22 13:31:48');
INSERT INTO `units` (`id`, `unit_name`, `unit_symbol`, `created_at`, `updated_at`) VALUES ('2', 'Pack', 'pack', '2026-03-22 13:31:48', '2026-03-22 13:31:48');
INSERT INTO `units` (`id`, `unit_name`, `unit_symbol`, `created_at`, `updated_at`) VALUES ('3', 'Sheet', 'sheet', '2026-03-22 13:31:48', '2026-03-22 13:31:48');
INSERT INTO `units` (`id`, `unit_name`, `unit_symbol`, `created_at`, `updated_at`) VALUES ('4', 'Roll', 'roll', '2026-03-22 13:31:48', '2026-03-22 13:31:48');
INSERT INTO `units` (`id`, `unit_name`, `unit_symbol`, `created_at`, `updated_at`) VALUES ('5', 'Box', 'box', '2026-03-22 13:31:48', '2026-03-22 13:31:48');
INSERT INTO `units` (`id`, `unit_name`, `unit_symbol`, `created_at`, `updated_at`) VALUES ('6', 'Kilogram', 'kg', '2026-03-22 13:31:48', '2026-03-22 13:31:48');
INSERT INTO `units` (`id`, `unit_name`, `unit_symbol`, `created_at`, `updated_at`) VALUES ('7', 'Liter', 'L', '2026-03-22 13:31:48', '2026-03-22 13:31:48');
INSERT INTO `units` (`id`, `unit_name`, `unit_symbol`, `created_at`, `updated_at`) VALUES ('8', 'Meter', 'm', '2026-03-22 13:31:48', '2026-03-22 13:31:48');

DROP TABLE IF EXISTS `users`;
CREATE TABLE `users` (
  `id` int(11) unsigned NOT NULL AUTO_INCREMENT,
  `username` varchar(100) NOT NULL,
  `email` varchar(255) NOT NULL,
  `password` varchar(255) NOT NULL,
  `full_name` varchar(255) NOT NULL,
  `phone` varchar(50) DEFAULT NULL,
  `role_id` int(11) unsigned NOT NULL,
  `is_active` tinyint(1) NOT NULL DEFAULT 1,
  `last_login` datetime DEFAULT NULL,
  `last_ip` varchar(45) DEFAULT NULL,
  `two_factor_secret` varchar(255) DEFAULT NULL,
  `two_factor_enabled` tinyint(1) NOT NULL DEFAULT 0,
  `reset_token` varchar(255) DEFAULT NULL,
  `reset_token_expiry` datetime DEFAULT NULL,
  `created_at` datetime DEFAULT NULL,
  `updated_at` datetime DEFAULT NULL,
  `deleted_at` datetime DEFAULT NULL,
  PRIMARY KEY (`id`),
  UNIQUE KEY `username` (`username`),
  UNIQUE KEY `email` (`email`),
  KEY `users_role_id_foreign` (`role_id`),
  CONSTRAINT `users_role_id_foreign` FOREIGN KEY (`role_id`) REFERENCES `roles` (`id`) ON DELETE CASCADE
) ENGINE=InnoDB AUTO_INCREMENT=2 DEFAULT CHARSET=utf8mb4 COLLATE=utf8mb4_general_ci;

INSERT INTO `users` (`id`, `username`, `email`, `password`, `full_name`, `phone`, `role_id`, `is_active`, `last_login`, `last_ip`, `two_factor_secret`, `two_factor_enabled`, `reset_token`, `reset_token_expiry`, `created_at`, `updated_at`, `deleted_at`) VALUES ('1', 'admin', 'admin@innovativegraphics.com', '$2y$10$XzBkquggyRLt8HNDwsg8ee0/6Fu7UIK6M74FdHzL0TpsIMFf2LAzu', 'System Administrator', '+231-778-651-747', '1', '1', '2026-04-01 16:29:12', '::1', NULL, '0', NULL, NULL, '2026-03-22 13:31:48', '2026-04-01 16:29:12', NULL);

SET FOREIGN_KEY_CHECKS=1;
