-- Inventory Management System Backup
-- Date: 2026-04-14 14:06:51
-- Generated by: tarnue P borbor

SET FOREIGN_KEY_CHECKS=0;

DROP TABLE IF EXISTS `adjustment_events`;
CREATE TABLE `adjustment_events` (
  `id` int(11) unsigned NOT NULL AUTO_INCREMENT,
  `product_id` int(11) unsigned NOT NULL,
  `event_type` enum('Damage','Refund','Theft','Return','Other') NOT NULL,
  `quantity` decimal(15,2) NOT NULL,
  `unit_cost` decimal(15,2) DEFAULT NULL,
  `total_value` decimal(15,2) DEFAULT NULL,
  `currency` enum('LRD','USD') NOT NULL DEFAULT 'LRD',
  `reference` varchar(100) DEFAULT NULL,
  `description` text DEFAULT NULL,
  `adjust_stock` tinyint(1) NOT NULL DEFAULT 1,
  `event_date` datetime NOT NULL,
  `related_sale_id` int(11) unsigned DEFAULT NULL,
  `related_production_job_id` int(11) unsigned DEFAULT NULL,
  `customer_id` int(11) unsigned DEFAULT NULL,
  `created_by` int(11) unsigned NOT NULL,
  `updated_by` int(11) unsigned DEFAULT NULL,
  `created_at` datetime DEFAULT NULL,
  `updated_at` datetime DEFAULT NULL,
  `deleted_at` datetime DEFAULT NULL,
  PRIMARY KEY (`id`),
  KEY `adjustment_events_customer_id_foreign` (`customer_id`),
  KEY `adjustment_events_created_by_foreign` (`created_by`),
  KEY `product_id` (`product_id`),
  KEY `event_type` (`event_type`),
  KEY `event_date` (`event_date`),
  KEY `idx_adj_sale` (`related_sale_id`),
  KEY `idx_adj_job` (`related_production_job_id`),
  KEY `idx_adj_date` (`event_date`),
  KEY `idx_adj_product` (`product_id`),
  KEY `idx_adj_created` (`created_at`),
  CONSTRAINT `adjustment_events_created_by_foreign` FOREIGN KEY (`created_by`) REFERENCES `users` (`id`) ON DELETE CASCADE,
  CONSTRAINT `adjustment_events_customer_id_foreign` FOREIGN KEY (`customer_id`) REFERENCES `customers` (`id`) ON DELETE CASCADE ON UPDATE SET NULL,
  CONSTRAINT `adjustment_events_product_id_foreign` FOREIGN KEY (`product_id`) REFERENCES `products` (`id`) ON DELETE CASCADE
) ENGINE=InnoDB AUTO_INCREMENT=5 DEFAULT CHARSET=utf8mb4 COLLATE=utf8mb4_general_ci;

INSERT INTO `adjustment_events` (`id`, `product_id`, `event_type`, `quantity`, `unit_cost`, `total_value`, `currency`, `reference`, `description`, `adjust_stock`, `event_date`, `related_sale_id`, `related_production_job_id`, `customer_id`, `created_by`, `updated_by`, `created_at`, `updated_at`, `deleted_at`) VALUES ('1', '1', 'Other', '4.00', '200.00', '800.00', 'LRD', NULL, '', '1', '2026-04-13 15:42:23', NULL, NULL, NULL, '1', NULL, '2026-04-13 15:42:23', '2026-04-13 15:42:23', NULL);
INSERT INTO `adjustment_events` (`id`, `product_id`, `event_type`, `quantity`, `unit_cost`, `total_value`, `currency`, `reference`, `description`, `adjust_stock`, `event_date`, `related_sale_id`, `related_production_job_id`, `customer_id`, `created_by`, `updated_by`, `created_at`, `updated_at`, `deleted_at`) VALUES ('2', '1', 'Damage', '2.00', '200.00', '400.00', 'LRD', NULL, '', '1', '2026-04-13 15:53:21', NULL, NULL, NULL, '1', NULL, '2026-04-13 15:53:21', '2026-04-13 15:53:21', NULL);
INSERT INTO `adjustment_events` (`id`, `product_id`, `event_type`, `quantity`, `unit_cost`, `total_value`, `currency`, `reference`, `description`, `adjust_stock`, `event_date`, `related_sale_id`, `related_production_job_id`, `customer_id`, `created_by`, `updated_by`, `created_at`, `updated_at`, `deleted_at`) VALUES ('3', '1', 'Damage', '2.00', '200.00', '400.00', 'LRD', NULL, 'hello world', '1', '2026-04-13 22:36:00', NULL, NULL, '1', '1', NULL, '2026-04-13 22:38:35', '2026-04-13 22:38:35', NULL);
INSERT INTO `adjustment_events` (`id`, `product_id`, `event_type`, `quantity`, `unit_cost`, `total_value`, `currency`, `reference`, `description`, `adjust_stock`, `event_date`, `related_sale_id`, `related_production_job_id`, `customer_id`, `created_by`, `updated_by`, `created_at`, `updated_at`, `deleted_at`) VALUES ('4', '1', 'Return', '1.00', '200.00', '200.00', 'LRD', NULL, 'kjk', '1', '2026-04-14 02:01:00', '1', NULL, '2', '1', NULL, '2026-04-14 02:02:29', '2026-04-14 02:02:29', NULL);

DROP TABLE IF EXISTS `audit_logs`;
CREATE TABLE `audit_logs` (
  `id` int(11) unsigned NOT NULL AUTO_INCREMENT,
  `user_id` int(11) unsigned DEFAULT NULL,
  `action` varchar(50) NOT NULL,
  `entity` varchar(100) NOT NULL,
  `entity_id` varchar(100) DEFAULT NULL,
  `old_data` longtext CHARACTER SET utf8mb4 COLLATE utf8mb4_bin DEFAULT NULL CHECK (json_valid(`old_data`)),
  `new_data` longtext CHARACTER SET utf8mb4 COLLATE utf8mb4_bin DEFAULT NULL CHECK (json_valid(`new_data`)),
  `ip_address` varchar(45) NOT NULL,
  `user_agent` text DEFAULT NULL,
  `created_at` datetime DEFAULT NULL,
  PRIMARY KEY (`id`),
  KEY `user_id` (`user_id`),
  KEY `entity` (`entity`),
  CONSTRAINT `audit_logs_user_id_foreign` FOREIGN KEY (`user_id`) REFERENCES `users` (`id`) ON DELETE CASCADE ON UPDATE SET NULL
) ENGINE=InnoDB AUTO_INCREMENT=37 DEFAULT CHARSET=utf8mb4 COLLATE=utf8mb4_general_ci;

INSERT INTO `audit_logs` (`id`, `user_id`, `action`, `entity`, `entity_id`, `old_data`, `new_data`, `ip_address`, `user_agent`, `created_at`) VALUES ('1', '1', 'category_create', 'Category', '1', NULL, '{\"category_name\":\"Cards (cutted)\",\"description\":\"This card include all pvc card that comes presied in the size of an ID Card\"}', '::1', 'Mozilla/5.0 (Windows NT 10.0; Win64; x64) AppleWebKit/537.36 (KHTML, like Gecko) Chrome/146.0.0.0 Safari/537.36 Edg/146.0.0.0', NULL);
INSERT INTO `audit_logs` (`id`, `user_id`, `action`, `entity`, `entity_id`, `old_data`, `new_data`, `ip_address`, `user_agent`, `created_at`) VALUES ('2', '1', 'supplier_create', 'Supplier', '1', NULL, '{\"supplier_name\":\"Amos & Son\",\"contact_person\":\"James Paul\",\"phone\":\"231000000000\",\"email\":\"aa@gmail.com\",\"address\":\"Nnyyaabb\",\"tax_number\":\"\",\"payment_terms\":\"\",\"created_by\":\"1\"}', '::1', 'Mozilla/5.0 (Windows NT 10.0; Win64; x64) AppleWebKit/537.36 (KHTML, like Gecko) Chrome/146.0.0.0 Safari/537.36 Edg/146.0.0.0', NULL);
INSERT INTO `audit_logs` (`id`, `user_id`, `action`, `entity`, `entity_id`, `old_data`, `new_data`, `ip_address`, `user_agent`, `created_at`) VALUES ('3', '1', 'product_create', 'Product', '1', NULL, '{\"product_name\":\"PVC Card - ink jet type\",\"sku\":\"jfkdjdkfjkfj\",\"barcode\":\"jkfdjfdkfj\",\"description\":\"This is the card that we will use in the blah blah \",\"category_id\":\"1\",\"unit_id\":\"1\",\"supplier_id\":\"1\",\"purchase_price\":\"200\",\"selling_price\":\"300\",\"quantity\":\"200\",\"minimum_stock\":\"2\",\"created_by\":\"1\",\"product_image\":\"uploads\\/products\\/1776094802_ef3b71d6caf8b620f797.jpg\"}', '::1', 'Mozilla/5.0 (Windows NT 10.0; Win64; x64) AppleWebKit/537.36 (KHTML, like Gecko) Chrome/146.0.0.0 Safari/537.36 Edg/146.0.0.0', NULL);
INSERT INTO `audit_logs` (`id`, `user_id`, `action`, `entity`, `entity_id`, `old_data`, `new_data`, `ip_address`, `user_agent`, `created_at`) VALUES ('4', '1', 'adjustment_create', 'AdjustmentEvent', '1', NULL, '{\"product_id\":1,\"event_type\":\"Other\",\"quantity\":4,\"unit_cost\":200,\"total_value\":800,\"currency\":\"LRD\",\"reference\":null,\"description\":\"\",\"adjust_stock\":1,\"event_date\":\"2026-04-13 15:42:23\",\"related_sale_id\":null,\"related_production_job_id\":null,\"customer_id\":null,\"created_by\":\"1\"}', '::1', 'Mozilla/5.0 (Windows NT 10.0; Win64; x64) AppleWebKit/537.36 (KHTML, like Gecko) Chrome/146.0.0.0 Safari/537.36 Edg/146.0.0.0', NULL);
INSERT INTO `audit_logs` (`id`, `user_id`, `action`, `entity`, `entity_id`, `old_data`, `new_data`, `ip_address`, `user_agent`, `created_at`) VALUES ('5', '1', 'adjustment_create', 'AdjustmentEvent', '2', NULL, '{\"product_id\":1,\"event_type\":\"Damage\",\"quantity\":2,\"unit_cost\":200,\"total_value\":400,\"currency\":\"LRD\",\"reference\":null,\"description\":\"\",\"adjust_stock\":1,\"event_date\":\"2026-04-13 15:53:21\",\"related_sale_id\":null,\"related_production_job_id\":null,\"customer_id\":null,\"created_by\":\"1\"}', '::1', 'Mozilla/5.0 (Windows NT 10.0; Win64; x64) AppleWebKit/537.36 (KHTML, like Gecko) Chrome/146.0.0.0 Safari/537.36 Edg/146.0.0.0', NULL);
INSERT INTO `audit_logs` (`id`, `user_id`, `action`, `entity`, `entity_id`, `old_data`, `new_data`, `ip_address`, `user_agent`, `created_at`) VALUES ('6', '1', 'logout', 'User', '1', NULL, '{\"ip\":\"::1\"}', '::1', 'Mozilla/5.0 (Windows NT 10.0; Win64; x64) AppleWebKit/537.36 (KHTML, like Gecko) Chrome/146.0.0.0 Safari/537.36 Edg/146.0.0.0', NULL);
INSERT INTO `audit_logs` (`id`, `user_id`, `action`, `entity`, `entity_id`, `old_data`, `new_data`, `ip_address`, `user_agent`, `created_at`) VALUES ('7', NULL, 'login_failed', 'User', NULL, NULL, '{\"username\":\"staff@innovativegraphics.com\",\"reason\":\"Invalid credentials\",\"ip\":\"::1\"}', '::1', 'Mozilla/5.0 (Windows NT 10.0; Win64; x64) AppleWebKit/537.36 (KHTML, like Gecko) Chrome/146.0.0.0 Safari/537.36 Edg/146.0.0.0', NULL);
INSERT INTO `audit_logs` (`id`, `user_id`, `action`, `entity`, `entity_id`, `old_data`, `new_data`, `ip_address`, `user_agent`, `created_at`) VALUES ('8', '3', 'login_success', 'User', '3', NULL, '{\"ip\":\"::1\"}', '::1', 'Mozilla/5.0 (Windows NT 10.0; Win64; x64) AppleWebKit/537.36 (KHTML, like Gecko) Chrome/146.0.0.0 Safari/537.36 Edg/146.0.0.0', NULL);
INSERT INTO `audit_logs` (`id`, `user_id`, `action`, `entity`, `entity_id`, `old_data`, `new_data`, `ip_address`, `user_agent`, `created_at`) VALUES ('9', '3', 'logout', 'User', '3', NULL, '{\"ip\":\"::1\"}', '::1', 'Mozilla/5.0 (Windows NT 10.0; Win64; x64) AppleWebKit/537.36 (KHTML, like Gecko) Chrome/146.0.0.0 Safari/537.36 Edg/146.0.0.0', NULL);
INSERT INTO `audit_logs` (`id`, `user_id`, `action`, `entity`, `entity_id`, `old_data`, `new_data`, `ip_address`, `user_agent`, `created_at`) VALUES ('10', '1', 'login_success', 'User', '1', NULL, '{\"ip\":\"::1\"}', '::1', 'Mozilla/5.0 (Windows NT 10.0; Win64; x64) AppleWebKit/537.36 (KHTML, like Gecko) Chrome/146.0.0.0 Safari/537.36 Edg/146.0.0.0', NULL);
INSERT INTO `audit_logs` (`id`, `user_id`, `action`, `entity`, `entity_id`, `old_data`, `new_data`, `ip_address`, `user_agent`, `created_at`) VALUES ('11', '1', 'sale_create', 'Sale', '1', NULL, '{\"invoice_number\":\"INV-202604-0001\",\"total\":300}', '::1', 'Mozilla/5.0 (Windows NT 10.0; Win64; x64) AppleWebKit/537.36 (KHTML, like Gecko) Chrome/146.0.0.0 Safari/537.36 Edg/146.0.0.0', NULL);
INSERT INTO `audit_logs` (`id`, `user_id`, `action`, `entity`, `entity_id`, `old_data`, `new_data`, `ip_address`, `user_agent`, `created_at`) VALUES ('12', '1', 'login_success', 'User', '1', NULL, '{\"ip\":\"::1\"}', '::1', 'Mozilla/5.0 (Windows NT 10.0; Win64; x64) AppleWebKit/537.36 (KHTML, like Gecko) Chrome/146.0.0.0 Safari/537.36 Edg/146.0.0.0', NULL);
INSERT INTO `audit_logs` (`id`, `user_id`, `action`, `entity`, `entity_id`, `old_data`, `new_data`, `ip_address`, `user_agent`, `created_at`) VALUES ('13', '1', 'stock_adjustment', 'Product', '1', '{\"quantity\":\"197.00\",\"reason\":\"Damaged Goods\"}', '{\"quantity\":195,\"adjustment\":\"2\",\"type\":\"decrease\",\"reason\":\"Damaged Goods\",\"notes\":\"two items were damage when we purchase this item\"}', '::1', 'Mozilla/5.0 (Windows NT 10.0; Win64; x64) AppleWebKit/537.36 (KHTML, like Gecko) Chrome/146.0.0.0 Safari/537.36 Edg/146.0.0.0', NULL);
INSERT INTO `audit_logs` (`id`, `user_id`, `action`, `entity`, `entity_id`, `old_data`, `new_data`, `ip_address`, `user_agent`, `created_at`) VALUES ('14', '1', 'customer_create', 'Customer', '1', NULL, '{\"customer_name\":\"Walk-in-customer\",\"business_name\":\"Passer-by\",\"phone\":\"0770000000\",\"email\":\"walkincustomer001@gmail.com\",\"address\":\"No address\",\"credit_limit\":\"0.00\",\"created_by\":\"1\"}', '::1', 'Mozilla/5.0 (Windows NT 10.0; Win64; x64) AppleWebKit/537.36 (KHTML, like Gecko) Chrome/146.0.0.0 Safari/537.36 Edg/146.0.0.0', NULL);
INSERT INTO `audit_logs` (`id`, `user_id`, `action`, `entity`, `entity_id`, `old_data`, `new_data`, `ip_address`, `user_agent`, `created_at`) VALUES ('15', '1', 'adjustment_create', 'AdjustmentEvent', '3', NULL, '{\"product_id\":1,\"event_type\":\"Damage\",\"quantity\":2,\"unit_cost\":200,\"total_value\":400,\"currency\":\"LRD\",\"reference\":null,\"description\":\"hello world\",\"adjust_stock\":1,\"event_date\":\"2026-04-13T22:36\",\"related_sale_id\":null,\"related_production_job_id\":null,\"customer_id\":\"1\",\"created_by\":\"1\"}', '::1', 'Mozilla/5.0 (Windows NT 10.0; Win64; x64) AppleWebKit/537.36 (KHTML, like Gecko) Chrome/146.0.0.0 Safari/537.36 Edg/146.0.0.0', NULL);
INSERT INTO `audit_logs` (`id`, `user_id`, `action`, `entity`, `entity_id`, `old_data`, `new_data`, `ip_address`, `user_agent`, `created_at`) VALUES ('16', '1', 'customer_create', 'Customer', '2', NULL, '{\"customer_name\":\"Tarnue P. Borbor\",\"business_name\":\"epic wave\",\"phone\":\"0775577736\",\"email\":\"tarnueatalx@gmail.com\",\"address\":\"New Georgia Housing Estate, Monrovia\",\"credit_limit\":0,\"created_by\":\"1\"}', '::1', 'Mozilla/5.0 (Windows NT 10.0; Win64; x64) AppleWebKit/537.36 (KHTML, like Gecko) Chrome/146.0.0.0 Safari/537.36 Edg/146.0.0.0', NULL);
INSERT INTO `audit_logs` (`id`, `user_id`, `action`, `entity`, `entity_id`, `old_data`, `new_data`, `ip_address`, `user_agent`, `created_at`) VALUES ('17', '1', 'production_category_create', 'ProductionCategory', '1', NULL, '{\"category_name\":\"Heat Pressing (only)\"}', '::1', 'Mozilla/5.0 (Windows NT 10.0; Win64; x64) AppleWebKit/537.36 (KHTML, like Gecko) Chrome/146.0.0.0 Safari/537.36 Edg/146.0.0.0', NULL);
INSERT INTO `audit_logs` (`id`, `user_id`, `action`, `entity`, `entity_id`, `old_data`, `new_data`, `ip_address`, `user_agent`, `created_at`) VALUES ('18', '1', 'product_create', 'Product', '2', NULL, '{\"product_name\":\"Heat Press\",\"sku\":\"x-23\",\"barcode\":\"jkfdjfdkfjj\",\"description\":\"jfkfkdjfd\",\"category_id\":\"1\",\"unit_id\":\"16\",\"supplier_id\":null,\"purchase_price\":\"200\",\"selling_price\":\"300\",\"quantity\":\"1\",\"minimum_stock\":\"1\",\"created_by\":\"1\",\"product_image\":\"uploads\\/products\\/1776129412_63df1b4bcab966d01839.png\"}', '::1', 'Mozilla/5.0 (Windows NT 10.0; Win64; x64) AppleWebKit/537.36 (KHTML, like Gecko) Chrome/146.0.0.0 Safari/537.36 Edg/146.0.0.0', NULL);
INSERT INTO `audit_logs` (`id`, `user_id`, `action`, `entity`, `entity_id`, `old_data`, `new_data`, `ip_address`, `user_agent`, `created_at`) VALUES ('19', '1', 'stock_adjustment', 'Product', '2', '{\"quantity\":\"1.00\",\"reason\":\"Other\"}', '{\"quantity\":45001,\"adjustment\":\"45000\",\"type\":\"increase\",\"reason\":\"Other\",\"notes\":\"The number of time the heat press was used need to be added up\"}', '::1', 'Mozilla/5.0 (Windows NT 10.0; Win64; x64) AppleWebKit/537.36 (KHTML, like Gecko) Chrome/146.0.0.0 Safari/537.36 Edg/146.0.0.0', NULL);
INSERT INTO `audit_logs` (`id`, `user_id`, `action`, `entity`, `entity_id`, `old_data`, `new_data`, `ip_address`, `user_agent`, `created_at`) VALUES ('20', '1', 'production_create', 'ProductionJob', '2', NULL, '{\"job_reference\":\"JOB-202604-0001\",\"total_cost\":5000}', '::1', 'Mozilla/5.0 (Windows NT 10.0; Win64; x64) AppleWebKit/537.36 (KHTML, like Gecko) Chrome/146.0.0.0 Safari/537.36 Edg/146.0.0.0', NULL);
INSERT INTO `audit_logs` (`id`, `user_id`, `action`, `entity`, `entity_id`, `old_data`, `new_data`, `ip_address`, `user_agent`, `created_at`) VALUES ('21', '1', 'adjustment_create', 'AdjustmentEvent', '4', NULL, '{\"product_id\":1,\"event_type\":\"Return\",\"quantity\":1,\"unit_cost\":200,\"total_value\":200,\"currency\":\"LRD\",\"reference\":null,\"description\":\"kjk\",\"adjust_stock\":1,\"event_date\":\"2026-04-14T02:01\",\"related_sale_id\":1,\"related_production_job_id\":null,\"customer_id\":\"2\",\"created_by\":\"1\"}', '::1', 'Mozilla/5.0 (Windows NT 10.0; Win64; x64) AppleWebKit/537.36 (KHTML, like Gecko) Chrome/146.0.0.0 Safari/537.36 Edg/146.0.0.0', NULL);
INSERT INTO `audit_logs` (`id`, `user_id`, `action`, `entity`, `entity_id`, `old_data`, `new_data`, `ip_address`, `user_agent`, `created_at`) VALUES ('22', '1', 'sale_update', 'Sale', '1', NULL, '{\"invoice_number\":\"INV-202604-0001\",\"total\":300}', '::1', 'Mozilla/5.0 (Windows NT 10.0; Win64; x64) AppleWebKit/537.36 (KHTML, like Gecko) Chrome/146.0.0.0 Safari/537.36 Edg/146.0.0.0', NULL);
INSERT INTO `audit_logs` (`id`, `user_id`, `action`, `entity`, `entity_id`, `old_data`, `new_data`, `ip_address`, `user_agent`, `created_at`) VALUES ('23', '1', 'production_update', 'ProductionJob', '2', NULL, '{\"job_reference\":\"JOB-202604-0001\",\"total_cost\":5000}', '::1', 'Mozilla/5.0 (Windows NT 10.0; Win64; x64) AppleWebKit/537.36 (KHTML, like Gecko) Chrome/146.0.0.0 Safari/537.36 Edg/146.0.0.0', NULL);
INSERT INTO `audit_logs` (`id`, `user_id`, `action`, `entity`, `entity_id`, `old_data`, `new_data`, `ip_address`, `user_agent`, `created_at`) VALUES ('24', '1', 'production_update', 'ProductionJob', '2', NULL, '{\"job_reference\":\"JOB-202604-0001\",\"total_cost\":5000}', '::1', 'Mozilla/5.0 (Windows NT 10.0; Win64; x64) AppleWebKit/537.36 (KHTML, like Gecko) Chrome/146.0.0.0 Safari/537.36 Edg/146.0.0.0', NULL);
INSERT INTO `audit_logs` (`id`, `user_id`, `action`, `entity`, `entity_id`, `old_data`, `new_data`, `ip_address`, `user_agent`, `created_at`) VALUES ('25', '1', 'user_update', 'User', '1', '{\"id\":\"1\",\"username\":\"admin\",\"email\":\"admin@innovativegraphics.com\",\"password\":\"$2y$10$L7Tu6ONVuZWu6M6SaM8Px.BvA.o\\/FPQcd0ecMH3lpOP.3dzq4mvTG\",\"full_name\":\"System Administrator\",\"phone\":\"+231-778-651-747\",\"role_id\":\"1\",\"is_active\":\"1\",\"last_login\":\"2026-04-13 21:54:42\",\"last_ip\":\"::1\",\"two_factor_secret\":null,\"two_factor_enabled\":\"0\",\"reset_token\":null,\"reset_token_expiry\":null,\"remember_token\":null,\"remember_token_expiry\":null,\"created_at\":\"2026-04-13 15:34:12\",\"updated_at\":\"2026-04-13 21:54:42\",\"deleted_at\":null}', '{\"full_name\":\"System Administratorw\",\"phone\":\"+231-778-651-747\",\"role_id\":1,\"is_active\":1,\"updated_by\":\"1\"}', '::1', 'Mozilla/5.0 (Windows NT 10.0; Win64; x64) AppleWebKit/537.36 (KHTML, like Gecko) Chrome/146.0.0.0 Safari/537.36 Edg/146.0.0.0', NULL);
INSERT INTO `audit_logs` (`id`, `user_id`, `action`, `entity`, `entity_id`, `old_data`, `new_data`, `ip_address`, `user_agent`, `created_at`) VALUES ('26', '1', 'user_update', 'User', '1', '{\"id\":\"1\",\"username\":\"admin\",\"email\":\"admin@innovativegraphics.com\",\"password\":\"$2y$10$L7Tu6ONVuZWu6M6SaM8Px.BvA.o\\/FPQcd0ecMH3lpOP.3dzq4mvTG\",\"full_name\":\"System Administratorw\",\"phone\":\"+231-778-651-747\",\"role_id\":\"1\",\"is_active\":\"1\",\"last_login\":\"2026-04-13 21:54:42\",\"last_ip\":\"::1\",\"two_factor_secret\":null,\"two_factor_enabled\":\"0\",\"reset_token\":null,\"reset_token_expiry\":null,\"remember_token\":null,\"remember_token_expiry\":null,\"created_at\":\"2026-04-13 15:34:12\",\"updated_at\":\"2026-04-14 03:07:08\",\"deleted_at\":null}', '{\"full_name\":\"System Administratorw\",\"phone\":\"+231-778-651-747\",\"role_id\":1,\"is_active\":1,\"updated_by\":\"1\",\"email\":\"mathematics104@gmail.com\"}', '::1', 'Mozilla/5.0 (Windows NT 10.0; Win64; x64) AppleWebKit/537.36 (KHTML, like Gecko) Chrome/146.0.0.0 Safari/537.36 Edg/146.0.0.0', NULL);
INSERT INTO `audit_logs` (`id`, `user_id`, `action`, `entity`, `entity_id`, `old_data`, `new_data`, `ip_address`, `user_agent`, `created_at`) VALUES ('27', '1', 'logout', 'User', '1', NULL, '{\"ip\":\"::1\"}', '::1', 'Mozilla/5.0 (Windows NT 10.0; Win64; x64) AppleWebKit/537.36 (KHTML, like Gecko) Chrome/146.0.0.0 Safari/537.36 Edg/146.0.0.0', NULL);
INSERT INTO `audit_logs` (`id`, `user_id`, `action`, `entity`, `entity_id`, `old_data`, `new_data`, `ip_address`, `user_agent`, `created_at`) VALUES ('28', '1', 'login_success', 'User', '1', NULL, '{\"ip\":\"::1\"}', '::1', 'Mozilla/5.0 (Windows NT 10.0; Win64; x64) AppleWebKit/537.36 (KHTML, like Gecko) Chrome/146.0.0.0 Safari/537.36 Edg/146.0.0.0', NULL);
INSERT INTO `audit_logs` (`id`, `user_id`, `action`, `entity`, `entity_id`, `old_data`, `new_data`, `ip_address`, `user_agent`, `created_at`) VALUES ('29', '1', 'logout', 'User', '1', NULL, '{\"ip\":\"::1\"}', '::1', 'Mozilla/5.0 (Windows NT 10.0; Win64; x64) AppleWebKit/537.36 (KHTML, like Gecko) Chrome/146.0.0.0 Safari/537.36 Edg/146.0.0.0', NULL);
INSERT INTO `audit_logs` (`id`, `user_id`, `action`, `entity`, `entity_id`, `old_data`, `new_data`, `ip_address`, `user_agent`, `created_at`) VALUES ('30', '1', 'login_success', 'User', '1', NULL, '{\"ip\":\"::1\"}', '::1', 'Mozilla/5.0 (Windows NT 10.0; Win64; x64) AppleWebKit/537.36 (KHTML, like Gecko) Chrome/146.0.0.0 Safari/537.36 Edg/146.0.0.0', NULL);
INSERT INTO `audit_logs` (`id`, `user_id`, `action`, `entity`, `entity_id`, `old_data`, `new_data`, `ip_address`, `user_agent`, `created_at`) VALUES ('31', '1', 'login_success', 'User', '1', NULL, '{\"ip\":\"::1\"}', '::1', 'Mozilla/5.0 (Windows NT 10.0; Win64; x64) AppleWebKit/537.36 (KHTML, like Gecko) Chrome/146.0.0.0 Safari/537.36 Edg/146.0.0.0', NULL);
INSERT INTO `audit_logs` (`id`, `user_id`, `action`, `entity`, `entity_id`, `old_data`, `new_data`, `ip_address`, `user_agent`, `created_at`) VALUES ('32', '1', 'user_update', 'User', '1', '{\"id\":\"1\",\"username\":\"admin\",\"email\":\"mathematics104@gmail.com\",\"password\":\"$2y$10$L7Tu6ONVuZWu6M6SaM8Px.BvA.o\\/FPQcd0ecMH3lpOP.3dzq4mvTG\",\"full_name\":\"System Administratorw\",\"phone\":\"+231-778-651-747\",\"role_id\":\"1\",\"is_active\":\"1\",\"last_login\":\"2026-04-14 13:19:32\",\"last_ip\":\"::1\",\"two_factor_secret\":null,\"two_factor_enabled\":\"0\",\"reset_token\":\"5d8924442ec128aa6a22f780d9cfc98ec894234a29b4b074efe28729781e22b2\",\"reset_token_expiry\":\"2026-04-14 04:09:22\",\"remember_token\":null,\"remember_token_expiry\":null,\"created_at\":\"2026-04-13 15:34:12\",\"updated_at\":\"2026-04-14 13:19:32\",\"deleted_at\":null}', '{\"full_name\":\"System Administratorw\",\"phone\":\"+231-778-651-747\",\"role_id\":1,\"is_active\":1,\"updated_by\":\"1\",\"username\":\"tarnue P borbor\"}', '::1', 'Mozilla/5.0 (Windows NT 10.0; Win64; x64) AppleWebKit/537.36 (KHTML, like Gecko) Chrome/146.0.0.0 Safari/537.36 Edg/146.0.0.0', NULL);
INSERT INTO `audit_logs` (`id`, `user_id`, `action`, `entity`, `entity_id`, `old_data`, `new_data`, `ip_address`, `user_agent`, `created_at`) VALUES ('33', '1', 'logout', 'User', '1', NULL, '{\"ip\":\"::1\"}', '::1', 'Mozilla/5.0 (Windows NT 10.0; Win64; x64) AppleWebKit/537.36 (KHTML, like Gecko) Chrome/146.0.0.0 Safari/537.36 Edg/146.0.0.0', NULL);
INSERT INTO `audit_logs` (`id`, `user_id`, `action`, `entity`, `entity_id`, `old_data`, `new_data`, `ip_address`, `user_agent`, `created_at`) VALUES ('34', '1', 'password_reset_link_sent', 'User', '1', NULL, '{\"email\":\"mathematics104@gmail.com\"}', '::1', 'Mozilla/5.0 (Windows NT 10.0; Win64; x64) AppleWebKit/537.36 (KHTML, like Gecko) Chrome/146.0.0.0 Safari/537.36 Edg/146.0.0.0', NULL);
INSERT INTO `audit_logs` (`id`, `user_id`, `action`, `entity`, `entity_id`, `old_data`, `new_data`, `ip_address`, `user_agent`, `created_at`) VALUES ('35', '1', 'password_reset', 'User', '1', NULL, '{\"ip\":\"::1\"}', '::1', 'Mozilla/5.0 (Windows NT 10.0; Win64; x64) AppleWebKit/537.36 (KHTML, like Gecko) Chrome/146.0.0.0 Safari/537.36 Edg/146.0.0.0', NULL);
INSERT INTO `audit_logs` (`id`, `user_id`, `action`, `entity`, `entity_id`, `old_data`, `new_data`, `ip_address`, `user_agent`, `created_at`) VALUES ('36', '1', 'login_success', 'User', '1', NULL, '{\"ip\":\"::1\"}', '::1', 'Mozilla/5.0 (Windows NT 10.0; Win64; x64) AppleWebKit/537.36 (KHTML, like Gecko) Chrome/146.0.0.0 Safari/537.36 Edg/146.0.0.0', NULL);

DROP TABLE IF EXISTS `backup_logs`;
CREATE TABLE `backup_logs` (
  `id` int(11) unsigned NOT NULL AUTO_INCREMENT,
  `backup_type` enum('Manual','Automatic') NOT NULL,
  `backup_file` varchar(255) NOT NULL,
  `backup_size` int(11) DEFAULT NULL,
  `status` enum('Success','Failed') NOT NULL,
  `message` text DEFAULT NULL,
  `created_by` int(11) unsigned DEFAULT NULL,
  `created_at` datetime DEFAULT NULL,
  PRIMARY KEY (`id`),
  KEY `backup_logs_created_by_foreign` (`created_by`),
  CONSTRAINT `backup_logs_created_by_foreign` FOREIGN KEY (`created_by`) REFERENCES `users` (`id`) ON DELETE CASCADE ON UPDATE SET NULL
) ENGINE=InnoDB DEFAULT CHARSET=utf8mb4 COLLATE=utf8mb4_general_ci;

DROP TABLE IF EXISTS `bom_template_items`;
CREATE TABLE `bom_template_items` (
  `id` int(11) unsigned NOT NULL AUTO_INCREMENT,
  `bom_template_id` int(11) unsigned NOT NULL,
  `product_id` int(11) unsigned NOT NULL,
  `quantity` decimal(15,2) NOT NULL,
  `created_at` datetime DEFAULT NULL,
  `updated_at` datetime DEFAULT NULL,
  PRIMARY KEY (`id`),
  KEY `bom_template_id` (`bom_template_id`),
  KEY `product_id` (`product_id`),
  CONSTRAINT `bom_template_items_bom_template_id_foreign` FOREIGN KEY (`bom_template_id`) REFERENCES `bom_templates` (`id`) ON DELETE CASCADE ON UPDATE CASCADE,
  CONSTRAINT `bom_template_items_product_id_foreign` FOREIGN KEY (`product_id`) REFERENCES `products` (`id`) ON DELETE CASCADE
) ENGINE=InnoDB DEFAULT CHARSET=utf8mb4 COLLATE=utf8mb4_general_ci;

DROP TABLE IF EXISTS `bom_templates`;
CREATE TABLE `bom_templates` (
  `id` int(11) unsigned NOT NULL AUTO_INCREMENT,
  `template_name` varchar(255) NOT NULL,
  `description` text DEFAULT NULL,
  `finished_product_id` int(11) unsigned DEFAULT NULL,
  `created_by` int(11) unsigned NOT NULL,
  `created_at` datetime DEFAULT NULL,
  `updated_at` datetime DEFAULT NULL,
  PRIMARY KEY (`id`),
  KEY `bom_templates_created_by_foreign` (`created_by`),
  KEY `finished_product_id` (`finished_product_id`),
  CONSTRAINT `bom_templates_created_by_foreign` FOREIGN KEY (`created_by`) REFERENCES `users` (`id`) ON DELETE CASCADE,
  CONSTRAINT `bom_templates_finished_product_id_foreign` FOREIGN KEY (`finished_product_id`) REFERENCES `products` (`id`) ON DELETE CASCADE ON UPDATE SET NULL
) ENGINE=InnoDB DEFAULT CHARSET=utf8mb4 COLLATE=utf8mb4_general_ci;

DROP TABLE IF EXISTS `categories`;
CREATE TABLE `categories` (
  `id` int(11) unsigned NOT NULL AUTO_INCREMENT,
  `category_name` varchar(100) NOT NULL,
  `description` text DEFAULT NULL,
  `parent_id` int(11) unsigned DEFAULT NULL,
  `created_at` datetime DEFAULT NULL,
  `updated_at` datetime DEFAULT NULL,
  `deleted_at` datetime DEFAULT NULL,
  PRIMARY KEY (`id`),
  KEY `categories_parent_id_foreign` (`parent_id`),
  CONSTRAINT `categories_parent_id_foreign` FOREIGN KEY (`parent_id`) REFERENCES `categories` (`id`) ON DELETE CASCADE ON UPDATE SET NULL
) ENGINE=InnoDB AUTO_INCREMENT=2 DEFAULT CHARSET=utf8mb4 COLLATE=utf8mb4_general_ci;

INSERT INTO `categories` (`id`, `category_name`, `description`, `parent_id`, `created_at`, `updated_at`, `deleted_at`) VALUES ('1', 'Cards (cutted)', 'This card include all pvc card that comes presied in the size of an ID Card', NULL, '2026-04-13 15:36:44', '2026-04-13 15:36:44', NULL);

DROP TABLE IF EXISTS `currency_rates`;
CREATE TABLE `currency_rates` (
  `id` int(11) unsigned NOT NULL AUTO_INCREMENT,
  `base_currency` varchar(3) NOT NULL DEFAULT 'USD',
  `target_currency` varchar(3) NOT NULL,
  `rate` decimal(10,4) NOT NULL,
  `date` date NOT NULL,
  `created_at` datetime DEFAULT NULL,
  PRIMARY KEY (`id`),
  KEY `base_currency_target_currency_date` (`base_currency`,`target_currency`,`date`)
) ENGINE=InnoDB DEFAULT CHARSET=utf8mb4 COLLATE=utf8mb4_general_ci;

DROP TABLE IF EXISTS `customers`;
CREATE TABLE `customers` (
  `id` int(11) unsigned NOT NULL AUTO_INCREMENT,
  `customer_name` varchar(255) NOT NULL,
  `business_name` varchar(255) DEFAULT NULL,
  `phone` varchar(50) NOT NULL,
  `email` varchar(255) DEFAULT NULL,
  `address` text DEFAULT NULL,
  `tax_number` varchar(100) DEFAULT NULL,
  `credit_limit` decimal(15,2) NOT NULL DEFAULT 0.00,
  `payment_terms` varchar(100) DEFAULT NULL,
  `created_by` int(11) unsigned NOT NULL,
  `updated_by` int(11) unsigned DEFAULT NULL,
  `created_at` datetime DEFAULT NULL,
  `updated_at` datetime DEFAULT NULL,
  `deleted_at` datetime DEFAULT NULL,
  PRIMARY KEY (`id`),
  KEY `customers_created_by_foreign` (`created_by`),
  KEY `customers_updated_by_foreign` (`updated_by`),
  CONSTRAINT `customers_created_by_foreign` FOREIGN KEY (`created_by`) REFERENCES `users` (`id`) ON DELETE CASCADE,
  CONSTRAINT `customers_updated_by_foreign` FOREIGN KEY (`updated_by`) REFERENCES `users` (`id`) ON DELETE CASCADE ON UPDATE SET NULL
) ENGINE=InnoDB AUTO_INCREMENT=3 DEFAULT CHARSET=utf8mb4 COLLATE=utf8mb4_general_ci;

INSERT INTO `customers` (`id`, `customer_name`, `business_name`, `phone`, `email`, `address`, `tax_number`, `credit_limit`, `payment_terms`, `created_by`, `updated_by`, `created_at`, `updated_at`, `deleted_at`) VALUES ('1', 'Walk-in-customer', 'Passer-by', '0770000000', 'walkincustomer001@gmail.com', 'No address', NULL, '0.00', NULL, '1', NULL, '2026-04-13 22:35:56', '2026-04-13 22:35:56', NULL);
INSERT INTO `customers` (`id`, `customer_name`, `business_name`, `phone`, `email`, `address`, `tax_number`, `credit_limit`, `payment_terms`, `created_by`, `updated_by`, `created_at`, `updated_at`, `deleted_at`) VALUES ('2', 'Tarnue P. Borbor', 'epic wave', '0775577736', 'tarnueatalx@gmail.com', 'New Georgia Housing Estate, Monrovia', NULL, '0.00', NULL, '1', NULL, '2026-04-14 01:11:14', '2026-04-14 01:11:14', NULL);

DROP TABLE IF EXISTS `expense_categories`;
CREATE TABLE `expense_categories` (
  `id` int(11) unsigned NOT NULL AUTO_INCREMENT,
  `category_name` varchar(100) NOT NULL,
  `description` text DEFAULT NULL,
  `created_at` datetime DEFAULT NULL,
  `updated_at` datetime DEFAULT NULL,
  PRIMARY KEY (`id`)
) ENGINE=InnoDB DEFAULT CHARSET=utf8mb4 COLLATE=utf8mb4_general_ci;

DROP TABLE IF EXISTS `expenses`;
CREATE TABLE `expenses` (
  `id` int(11) unsigned NOT NULL AUTO_INCREMENT,
  `expense_category_id` int(11) unsigned NOT NULL,
  `amount` decimal(15,2) NOT NULL,
  `currency` enum('LRD','USD') NOT NULL DEFAULT 'LRD',
  `exchange_rate` decimal(10,4) DEFAULT NULL,
  `expense_date` date NOT NULL,
  `description` text DEFAULT NULL,
  `receipt_image` varchar(255) DEFAULT NULL,
  `created_by` int(11) unsigned NOT NULL,
  `updated_by` int(11) unsigned DEFAULT NULL,
  `created_at` datetime DEFAULT NULL,
  `updated_at` datetime DEFAULT NULL,
  `deleted_at` datetime DEFAULT NULL,
  PRIMARY KEY (`id`),
  KEY `expenses_created_by_foreign` (`created_by`),
  KEY `expenses_updated_by_foreign` (`updated_by`),
  KEY `expense_category_id` (`expense_category_id`),
  CONSTRAINT `expenses_created_by_foreign` FOREIGN KEY (`created_by`) REFERENCES `users` (`id`) ON DELETE CASCADE,
  CONSTRAINT `expenses_expense_category_id_foreign` FOREIGN KEY (`expense_category_id`) REFERENCES `expense_categories` (`id`) ON DELETE CASCADE,
  CONSTRAINT `expenses_updated_by_foreign` FOREIGN KEY (`updated_by`) REFERENCES `users` (`id`) ON DELETE CASCADE ON UPDATE SET NULL
) ENGINE=InnoDB DEFAULT CHARSET=utf8mb4 COLLATE=utf8mb4_general_ci;

DROP TABLE IF EXISTS `inventory_adjustments`;
CREATE TABLE `inventory_adjustments` (
  `id` int(11) unsigned NOT NULL AUTO_INCREMENT,
  `product_id` int(11) unsigned NOT NULL,
  `adjustment_type` enum('Increase','Decrease') NOT NULL,
  `quantity` decimal(15,2) NOT NULL,
  `previous_quantity` decimal(15,2) NOT NULL,
  `new_quantity` decimal(15,2) NOT NULL,
  `reason` varchar(255) NOT NULL,
  `notes` text DEFAULT NULL,
  `created_by` int(11) unsigned NOT NULL,
  `created_at` datetime DEFAULT NULL,
  PRIMARY KEY (`id`),
  KEY `inventory_adjustments_created_by_foreign` (`created_by`),
  KEY `product_id` (`product_id`),
  CONSTRAINT `inventory_adjustments_created_by_foreign` FOREIGN KEY (`created_by`) REFERENCES `users` (`id`) ON DELETE CASCADE,
  CONSTRAINT `inventory_adjustments_product_id_foreign` FOREIGN KEY (`product_id`) REFERENCES `products` (`id`) ON DELETE CASCADE
) ENGINE=InnoDB DEFAULT CHARSET=utf8mb4 COLLATE=utf8mb4_general_ci;

DROP TABLE IF EXISTS `migrations`;
CREATE TABLE `migrations` (
  `id` bigint(20) unsigned NOT NULL AUTO_INCREMENT,
  `version` varchar(255) NOT NULL,
  `class` varchar(255) NOT NULL,
  `group` varchar(255) NOT NULL,
  `namespace` varchar(255) NOT NULL,
  `time` int(11) NOT NULL,
  `batch` int(11) unsigned NOT NULL,
  PRIMARY KEY (`id`)
) ENGINE=InnoDB AUTO_INCREMENT=24 DEFAULT CHARSET=utf8mb4 COLLATE=utf8mb4_general_ci;

INSERT INTO `migrations` (`id`, `version`, `class`, `group`, `namespace`, `time`, `batch`) VALUES ('1', '2026-03-22-120928', 'App\\Database\\Migrations\\CreateUsersTable', 'default', 'App', '1776094436', '1');
INSERT INTO `migrations` (`id`, `version`, `class`, `group`, `namespace`, `time`, `batch`) VALUES ('2', '2026-03-22-121145', 'App\\Database\\Migrations\\CreateSuppliersTable', 'default', 'App', '1776094436', '1');
INSERT INTO `migrations` (`id`, `version`, `class`, `group`, `namespace`, `time`, `batch`) VALUES ('3', '2026-03-22-121225', 'App\\Database\\Migrations\\CreateCategoriesAndProductsTable', 'default', 'App', '1776094436', '1');
INSERT INTO `migrations` (`id`, `version`, `class`, `group`, `namespace`, `time`, `batch`) VALUES ('4', '2026-03-22-121442', 'App\\Database\\Migrations\\CreateCustomersTable', 'default', 'App', '1776094436', '1');
INSERT INTO `migrations` (`id`, `version`, `class`, `group`, `namespace`, `time`, `batch`) VALUES ('5', '2026-03-22-121636', 'App\\Database\\Migrations\\CreatePurchasesTable', 'default', 'App', '1776094436', '1');
INSERT INTO `migrations` (`id`, `version`, `class`, `group`, `namespace`, `time`, `batch`) VALUES ('6', '2026-03-22-121728', 'App\\Database\\Migrations\\CreateSalesTable', 'default', 'App', '1776094436', '1');
INSERT INTO `migrations` (`id`, `version`, `class`, `group`, `namespace`, `time`, `batch`) VALUES ('7', '2026-03-22-121817', 'App\\Database\\Migrations\\CreateExpensesTable', 'default', 'App', '1776094436', '1');
INSERT INTO `migrations` (`id`, `version`, `class`, `group`, `namespace`, `time`, `batch`) VALUES ('8', '2026-03-22-121851', 'App\\Database\\Migrations\\CreateProductionJobsTable', 'default', 'App', '1776094436', '1');
INSERT INTO `migrations` (`id`, `version`, `class`, `group`, `namespace`, `time`, `batch`) VALUES ('9', '2026-03-22-122238', 'App\\Database\\Migrations\\CreateInventoryAdjustmentsTable', 'default', 'App', '1776094436', '1');
INSERT INTO `migrations` (`id`, `version`, `class`, `group`, `namespace`, `time`, `batch`) VALUES ('10', '2026-03-22-122338', 'App\\Database\\Migrations\\CreateNotificationsTable', 'default', 'App', '1776094437', '1');
INSERT INTO `migrations` (`id`, `version`, `class`, `group`, `namespace`, `time`, `batch`) VALUES ('11', '2026-03-22-122417', 'App\\Database\\Migrations\\CreateAuditLogsTable', 'default', 'App', '1776094437', '1');
INSERT INTO `migrations` (`id`, `version`, `class`, `group`, `namespace`, `time`, `batch`) VALUES ('12', '2026-03-22-122506', 'App\\Database\\Migrations\\CreateSystemSettingsTable', 'default', 'App', '1776094437', '1');
INSERT INTO `migrations` (`id`, `version`, `class`, `group`, `namespace`, `time`, `batch`) VALUES ('13', '2026-03-22-122553', 'App\\Database\\Migrations\\CreateStockMovementsTable', 'default', 'App', '1776094437', '1');
INSERT INTO `migrations` (`id`, `version`, `class`, `group`, `namespace`, `time`, `batch`) VALUES ('14', '2026-04-01-190500', 'App\\Database\\Migrations\\AddRememberTokenFieldsToUsers', 'default', 'App', '1776094437', '1');
INSERT INTO `migrations` (`id`, `version`, `class`, `group`, `namespace`, `time`, `batch`) VALUES ('15', '2026-04-02-002113', 'App\\Database\\Migrations\\AddProductionCategories', 'default', 'App', '1776094437', '1');
INSERT INTO `migrations` (`id`, `version`, `class`, `group`, `namespace`, `time`, `batch`) VALUES ('16', '2026-04-04-000001', 'App\\Database\\Migrations\\AddCustomerIdToProductionJobs', 'default', 'App', '1776094437', '1');
INSERT INTO `migrations` (`id`, `version`, `class`, `group`, `namespace`, `time`, `batch`) VALUES ('17', '2026-04-04-000002', 'App\\Database\\Migrations\\RemoveFinishedProductIdFromProductionJobs', 'default', 'App', '1776094437', '1');
INSERT INTO `migrations` (`id`, `version`, `class`, `group`, `namespace`, `time`, `batch`) VALUES ('18', '2026-04-04-000003', 'App\\Database\\Migrations\\CreateAdjustmentEventsTable', 'default', 'App', '1776094437', '1');
INSERT INTO `migrations` (`id`, `version`, `class`, `group`, `namespace`, `time`, `batch`) VALUES ('19', '2026-04-05-000003', 'App\\Database\\Migrations\\UpdateAdjustmentEventsTable', 'default', 'App', '1776094437', '1');
INSERT INTO `migrations` (`id`, `version`, `class`, `group`, `namespace`, `time`, `batch`) VALUES ('20', '2026-04-06-000001', 'App\\Database\\Migrations\\CreateProductionJobItemsTable', 'default', 'App', '1776094437', '1');
INSERT INTO `migrations` (`id`, `version`, `class`, `group`, `namespace`, `time`, `batch`) VALUES ('21', '2026-04-06-000002', 'App\\Database\\Migrations\\AddPaymentFieldsToProductionJobs', 'default', 'App', '1776094437', '1');
INSERT INTO `migrations` (`id`, `version`, `class`, `group`, `namespace`, `time`, `batch`) VALUES ('22', '2026-04-13-000001', 'App\\Database\\Migrations\\AddAdjustmentIndexes', 'default', 'App', '1776097866', '2');
INSERT INTO `migrations` (`id`, `version`, `class`, `group`, `namespace`, `time`, `batch`) VALUES ('23', '2026-04-13-223144', 'App\\Database\\Migrations\\AddNotesToStockMovements', 'default', 'App', '1776119552', '3');

DROP TABLE IF EXISTS `notifications`;
CREATE TABLE `notifications` (
  `id` int(11) unsigned NOT NULL AUTO_INCREMENT,
  `user_id` int(11) unsigned NOT NULL,
  `title` varchar(255) NOT NULL,
  `message` text NOT NULL,
  `type` varchar(50) NOT NULL,
  `link` varchar(255) DEFAULT NULL,
  `is_read` tinyint(1) NOT NULL DEFAULT 0,
  `created_at` datetime DEFAULT NULL,
  PRIMARY KEY (`id`),
  KEY `user_id` (`user_id`),
  CONSTRAINT `notifications_user_id_foreign` FOREIGN KEY (`user_id`) REFERENCES `users` (`id`) ON DELETE CASCADE ON UPDATE CASCADE
) ENGINE=InnoDB DEFAULT CHARSET=utf8mb4 COLLATE=utf8mb4_general_ci;

DROP TABLE IF EXISTS `permissions`;
CREATE TABLE `permissions` (
  `id` int(11) unsigned NOT NULL AUTO_INCREMENT,
  `permission_name` varchar(100) NOT NULL,
  `description` text DEFAULT NULL,
  `created_at` datetime DEFAULT NULL,
  `updated_at` datetime DEFAULT NULL,
  PRIMARY KEY (`id`),
  UNIQUE KEY `permission_name` (`permission_name`)
) ENGINE=InnoDB AUTO_INCREMENT=34 DEFAULT CHARSET=utf8mb4 COLLATE=utf8mb4_general_ci;

INSERT INTO `permissions` (`id`, `permission_name`, `description`, `created_at`, `updated_at`) VALUES ('1', 'access_dashboard', 'Allow users to open the dashboard.', '2026-04-13 15:34:12', '2026-04-13 15:34:12');
INSERT INTO `permissions` (`id`, `permission_name`, `description`, `created_at`, `updated_at`) VALUES ('2', 'delete_records', 'Allow deletion across modules that support record removal.', '2026-04-13 15:34:12', '2026-04-13 15:34:12');
INSERT INTO `permissions` (`id`, `permission_name`, `description`, `created_at`, `updated_at`) VALUES ('3', 'access_inventory', 'Allow access to inventory screens and navigation.', '2026-04-13 15:34:12', '2026-04-13 15:34:12');
INSERT INTO `permissions` (`id`, `permission_name`, `description`, `created_at`, `updated_at`) VALUES ('4', 'view_inventory', 'Allow users to view inventory records.', '2026-04-13 15:34:12', '2026-04-13 15:34:12');
INSERT INTO `permissions` (`id`, `permission_name`, `description`, `created_at`, `updated_at`) VALUES ('5', 'manage_products', 'Create and update products.', '2026-04-13 15:34:12', '2026-04-13 15:34:12');
INSERT INTO `permissions` (`id`, `permission_name`, `description`, `created_at`, `updated_at`) VALUES ('6', 'manage_categories', 'Create and update inventory categories.', '2026-04-13 15:34:12', '2026-04-13 15:34:12');
INSERT INTO `permissions` (`id`, `permission_name`, `description`, `created_at`, `updated_at`) VALUES ('7', 'manage_units', 'Create and update inventory units.', '2026-04-13 15:34:12', '2026-04-13 15:34:12');
INSERT INTO `permissions` (`id`, `permission_name`, `description`, `created_at`, `updated_at`) VALUES ('8', 'adjust_stock', 'Record stock adjustments and movement changes.', '2026-04-13 15:34:12', '2026-04-13 15:34:12');
INSERT INTO `permissions` (`id`, `permission_name`, `description`, `created_at`, `updated_at`) VALUES ('9', 'access_sales', 'Allow access to sales screens and navigation.', '2026-04-13 15:34:12', '2026-04-13 15:34:12');
INSERT INTO `permissions` (`id`, `permission_name`, `description`, `created_at`, `updated_at`) VALUES ('10', 'create_sales', 'Create new sales transactions.', '2026-04-13 15:34:12', '2026-04-13 15:34:12');
INSERT INTO `permissions` (`id`, `permission_name`, `description`, `created_at`, `updated_at`) VALUES ('11', 'manage_sales', 'Manage, review, and update sales workflows.', '2026-04-13 15:34:12', '2026-04-13 15:34:12');
INSERT INTO `permissions` (`id`, `permission_name`, `description`, `created_at`, `updated_at`) VALUES ('12', 'access_customers', 'Allow access to customers screens and navigation.', '2026-04-13 15:34:12', '2026-04-13 15:34:12');
INSERT INTO `permissions` (`id`, `permission_name`, `description`, `created_at`, `updated_at`) VALUES ('13', 'view_customers', 'View customer information and history.', '2026-04-13 15:34:12', '2026-04-13 15:34:12');
INSERT INTO `permissions` (`id`, `permission_name`, `description`, `created_at`, `updated_at`) VALUES ('14', 'manage_customers', 'Create and update customer records.', '2026-04-13 15:34:12', '2026-04-13 15:34:12');
INSERT INTO `permissions` (`id`, `permission_name`, `description`, `created_at`, `updated_at`) VALUES ('15', 'access_purchases', 'Allow access to purchases screens and navigation.', '2026-04-13 15:34:12', '2026-04-13 15:34:12');
INSERT INTO `permissions` (`id`, `permission_name`, `description`, `created_at`, `updated_at`) VALUES ('16', 'manage_purchases', 'Create purchases, receive items, and add purchase payments.', '2026-04-13 15:34:12', '2026-04-13 15:34:12');
INSERT INTO `permissions` (`id`, `permission_name`, `description`, `created_at`, `updated_at`) VALUES ('17', 'access_suppliers', 'Allow access to suppliers screens and navigation.', '2026-04-13 15:34:12', '2026-04-13 15:34:12');
INSERT INTO `permissions` (`id`, `permission_name`, `description`, `created_at`, `updated_at`) VALUES ('18', 'manage_suppliers', 'Create and update supplier records.', '2026-04-13 15:34:12', '2026-04-13 15:34:12');
INSERT INTO `permissions` (`id`, `permission_name`, `description`, `created_at`, `updated_at`) VALUES ('19', 'access_expenses', 'Allow access to expense screens and navigation.', '2026-04-13 15:34:12', '2026-04-13 15:34:12');
INSERT INTO `permissions` (`id`, `permission_name`, `description`, `created_at`, `updated_at`) VALUES ('20', 'manage_expenses', 'Create and update expense records.', '2026-04-13 15:34:12', '2026-04-13 15:34:12');
INSERT INTO `permissions` (`id`, `permission_name`, `description`, `created_at`, `updated_at`) VALUES ('21', 'manage_expense_categories', 'Create and update expense categories.', '2026-04-13 15:34:12', '2026-04-13 15:34:12');
INSERT INTO `permissions` (`id`, `permission_name`, `description`, `created_at`, `updated_at`) VALUES ('22', 'access_production', 'Allow access to production screens and navigation.', '2026-04-13 15:34:12', '2026-04-13 15:34:12');
INSERT INTO `permissions` (`id`, `permission_name`, `description`, `created_at`, `updated_at`) VALUES ('23', 'manage_production', 'Create, update, complete, and cancel production jobs.', '2026-04-13 15:34:12', '2026-04-13 15:34:12');
INSERT INTO `permissions` (`id`, `permission_name`, `description`, `created_at`, `updated_at`) VALUES ('24', 'manage_bom', 'Create and maintain BOM templates.', '2026-04-13 15:34:12', '2026-04-13 15:34:12');
INSERT INTO `permissions` (`id`, `permission_name`, `description`, `created_at`, `updated_at`) VALUES ('25', 'record_stock_usage', 'Record material usage in production workflows.', '2026-04-13 15:34:12', '2026-04-13 15:34:12');
INSERT INTO `permissions` (`id`, `permission_name`, `description`, `created_at`, `updated_at`) VALUES ('26', 'view_reports', 'View reports and export report data.', '2026-04-13 15:34:12', '2026-04-13 15:34:12');
INSERT INTO `permissions` (`id`, `permission_name`, `description`, `created_at`, `updated_at`) VALUES ('27', 'access_admin', 'Allow access to administration screens and navigation.', '2026-04-13 15:34:12', '2026-04-13 15:34:12');
INSERT INTO `permissions` (`id`, `permission_name`, `description`, `created_at`, `updated_at`) VALUES ('28', 'manage_users', 'Create, update, and review user accounts.', '2026-04-13 15:34:12', '2026-04-13 15:34:12');
INSERT INTO `permissions` (`id`, `permission_name`, `description`, `created_at`, `updated_at`) VALUES ('29', 'manage_roles', 'Configure role permissions and access rules.', '2026-04-13 15:34:12', '2026-04-13 15:34:12');
INSERT INTO `permissions` (`id`, `permission_name`, `description`, `created_at`, `updated_at`) VALUES ('30', 'manage_settings', 'Update system-wide business and application settings.', '2026-04-13 15:34:12', '2026-04-13 15:34:12');
INSERT INTO `permissions` (`id`, `permission_name`, `description`, `created_at`, `updated_at`) VALUES ('31', 'view_audit_logs', 'Review audit trails and export audit logs.', '2026-04-13 15:34:12', '2026-04-13 15:34:12');
INSERT INTO `permissions` (`id`, `permission_name`, `description`, `created_at`, `updated_at`) VALUES ('32', 'manage_backup', 'Create, restore, and delete backups.', '2026-04-13 15:34:12', '2026-04-13 15:34:12');
INSERT INTO `permissions` (`id`, `permission_name`, `description`, `created_at`, `updated_at`) VALUES ('33', 'view_system_info', 'View technical system information.', '2026-04-13 15:34:12', '2026-04-13 15:34:12');

DROP TABLE IF EXISTS `production_categories`;
CREATE TABLE `production_categories` (
  `id` int(11) unsigned NOT NULL AUTO_INCREMENT,
  `category_name` varchar(100) NOT NULL,
  `description` text DEFAULT NULL,
  `created_at` datetime DEFAULT NULL,
  `updated_at` datetime DEFAULT NULL,
  `deleted_at` datetime DEFAULT NULL,
  PRIMARY KEY (`id`),
  UNIQUE KEY `category_name` (`category_name`)
) ENGINE=InnoDB AUTO_INCREMENT=2 DEFAULT CHARSET=utf8mb4 COLLATE=utf8mb4_general_ci;

INSERT INTO `production_categories` (`id`, `category_name`, `description`, `created_at`, `updated_at`, `deleted_at`) VALUES ('1', 'Heat Pressing (only)', 'Those who bring printout to be heatpressed only', '2026-04-14 01:13:20', '2026-04-14 01:13:20', NULL);

DROP TABLE IF EXISTS `production_job_items`;
CREATE TABLE `production_job_items` (
  `id` int(11) unsigned NOT NULL AUTO_INCREMENT,
  `production_job_id` int(11) unsigned NOT NULL,
  `item_id` int(11) unsigned NOT NULL,
  `quantity_required` decimal(10,2) NOT NULL DEFAULT 0.00,
  `quantity_used` decimal(10,2) NOT NULL DEFAULT 0.00,
  `unit_cost` decimal(10,2) NOT NULL DEFAULT 0.00,
  `total_cost` decimal(10,2) NOT NULL DEFAULT 0.00,
  `notes` text DEFAULT NULL,
  `created_at` datetime DEFAULT NULL,
  `updated_at` datetime DEFAULT NULL,
  `deleted_at` datetime DEFAULT NULL,
  PRIMARY KEY (`id`)
) ENGINE=InnoDB DEFAULT CHARSET=utf8mb4 COLLATE=utf8mb4_general_ci;

DROP TABLE IF EXISTS `production_jobs`;
CREATE TABLE `production_jobs` (
  `id` int(11) unsigned NOT NULL AUTO_INCREMENT,
  `job_reference` varchar(100) NOT NULL,
  `job_name` varchar(255) NOT NULL,
  `customer_id` int(11) unsigned DEFAULT NULL,
  `production_date` date NOT NULL,
  `production_category_id` int(11) unsigned DEFAULT NULL,
  `quantity_produced` decimal(15,2) NOT NULL DEFAULT 0.00,
  `total_material_cost` decimal(15,2) NOT NULL DEFAULT 0.00,
  `currency` enum('LRD','USD') NOT NULL DEFAULT 'LRD',
  `exchange_rate` decimal(10,4) DEFAULT NULL,
  `notes` text DEFAULT NULL,
  `status` enum('Draft','Completed','Cancelled') NOT NULL DEFAULT 'Draft',
  `payment_status` enum('Unpaid','Partially Paid','Paid') DEFAULT 'Unpaid',
  `amount_paid` decimal(15,2) DEFAULT 0.00,
  `payment_date` date DEFAULT NULL,
  `created_by` int(11) unsigned NOT NULL,
  `updated_by` int(11) unsigned DEFAULT NULL,
  `created_at` datetime DEFAULT NULL,
  `updated_at` datetime DEFAULT NULL,
  `deleted_at` datetime DEFAULT NULL,
  PRIMARY KEY (`id`),
  UNIQUE KEY `job_reference` (`job_reference`),
  KEY `production_jobs_created_by_foreign` (`created_by`),
  KEY `production_jobs_updated_by_foreign` (`updated_by`),
  CONSTRAINT `production_jobs_created_by_foreign` FOREIGN KEY (`created_by`) REFERENCES `users` (`id`) ON DELETE CASCADE,
  CONSTRAINT `production_jobs_updated_by_foreign` FOREIGN KEY (`updated_by`) REFERENCES `users` (`id`) ON DELETE CASCADE ON UPDATE SET NULL
) ENGINE=InnoDB AUTO_INCREMENT=3 DEFAULT CHARSET=utf8mb4 COLLATE=utf8mb4_general_ci;

INSERT INTO `production_jobs` (`id`, `job_reference`, `job_name`, `customer_id`, `production_date`, `production_category_id`, `quantity_produced`, `total_material_cost`, `currency`, `exchange_rate`, `notes`, `status`, `payment_status`, `amount_paid`, `payment_date`, `created_by`, `updated_by`, `created_at`, `updated_at`, `deleted_at`) VALUES ('2', 'JOB-202604-0001', 'Tshirt printing', '2', '2026-04-14', NULL, '25.00', '5000.00', 'LRD', NULL, 'the man brough his own heat sublimation and other items - we only charged for heat pressing', 'Draft', 'Partially Paid', '1500.00', NULL, '1', '1', '2026-04-14 01:25:35', '2026-04-14 02:36:33', NULL);

DROP TABLE IF EXISTS `production_materials`;
CREATE TABLE `production_materials` (
  `id` int(11) unsigned NOT NULL AUTO_INCREMENT,
  `production_job_id` int(11) unsigned NOT NULL,
  `product_id` int(11) unsigned NOT NULL,
  `quantity_used` decimal(15,2) NOT NULL,
  `unit_cost` decimal(15,2) NOT NULL,
  `total_cost` decimal(15,2) NOT NULL,
  `created_at` datetime DEFAULT NULL,
  `updated_at` datetime DEFAULT NULL,
  PRIMARY KEY (`id`),
  KEY `production_job_id` (`production_job_id`),
  KEY `product_id` (`product_id`),
  CONSTRAINT `production_materials_product_id_foreign` FOREIGN KEY (`product_id`) REFERENCES `products` (`id`) ON DELETE CASCADE,
  CONSTRAINT `production_materials_production_job_id_foreign` FOREIGN KEY (`production_job_id`) REFERENCES `production_jobs` (`id`) ON DELETE CASCADE ON UPDATE CASCADE
) ENGINE=InnoDB AUTO_INCREMENT=5 DEFAULT CHARSET=utf8mb4 COLLATE=utf8mb4_general_ci;

INSERT INTO `production_materials` (`id`, `production_job_id`, `product_id`, `quantity_used`, `unit_cost`, `total_cost`, `created_at`, `updated_at`) VALUES ('4', '2', '2', '25.00', '200.00', '5000.00', '2026-04-14 02:36:33', '2026-04-14 02:36:33');

DROP TABLE IF EXISTS `products`;
CREATE TABLE `products` (
  `id` int(11) unsigned NOT NULL AUTO_INCREMENT,
  `product_name` varchar(255) NOT NULL,
  `sku` varchar(100) NOT NULL,
  `barcode` varchar(100) DEFAULT NULL,
  `qr_code` text DEFAULT NULL,
  `description` text DEFAULT NULL,
  `category_id` int(11) unsigned NOT NULL,
  `unit_id` int(11) unsigned NOT NULL,
  `supplier_id` int(11) unsigned DEFAULT NULL,
  `purchase_price` decimal(15,2) NOT NULL DEFAULT 0.00,
  `selling_price` decimal(15,2) NOT NULL DEFAULT 0.00,
  `quantity` decimal(15,2) NOT NULL DEFAULT 0.00,
  `minimum_stock` decimal(15,2) NOT NULL DEFAULT 0.00,
  `product_image` varchar(255) DEFAULT NULL,
  `created_by` int(11) unsigned NOT NULL,
  `updated_by` int(11) unsigned DEFAULT NULL,
  `created_at` datetime DEFAULT NULL,
  `updated_at` datetime DEFAULT NULL,
  `deleted_at` datetime DEFAULT NULL,
  PRIMARY KEY (`id`),
  UNIQUE KEY `sku` (`sku`),
  UNIQUE KEY `barcode` (`barcode`),
  KEY `products_created_by_foreign` (`created_by`),
  KEY `products_updated_by_foreign` (`updated_by`),
  KEY `category_id` (`category_id`),
  KEY `unit_id` (`unit_id`),
  KEY `supplier_id` (`supplier_id`),
  CONSTRAINT `products_category_id_foreign` FOREIGN KEY (`category_id`) REFERENCES `categories` (`id`) ON DELETE CASCADE,
  CONSTRAINT `products_created_by_foreign` FOREIGN KEY (`created_by`) REFERENCES `users` (`id`) ON DELETE CASCADE,
  CONSTRAINT `products_supplier_id_foreign` FOREIGN KEY (`supplier_id`) REFERENCES `suppliers` (`id`) ON DELETE CASCADE ON UPDATE SET NULL,
  CONSTRAINT `products_unit_id_foreign` FOREIGN KEY (`unit_id`) REFERENCES `units` (`id`) ON DELETE CASCADE,
  CONSTRAINT `products_updated_by_foreign` FOREIGN KEY (`updated_by`) REFERENCES `users` (`id`) ON DELETE CASCADE ON UPDATE SET NULL
) ENGINE=InnoDB AUTO_INCREMENT=3 DEFAULT CHARSET=utf8mb4 COLLATE=utf8mb4_general_ci;

INSERT INTO `products` (`id`, `product_name`, `sku`, `barcode`, `qr_code`, `description`, `category_id`, `unit_id`, `supplier_id`, `purchase_price`, `selling_price`, `quantity`, `minimum_stock`, `product_image`, `created_by`, `updated_by`, `created_at`, `updated_at`, `deleted_at`) VALUES ('1', 'PVC Card - ink jet type', 'jfkdjdkfjkfj', 'jkfdjfdkfj', NULL, 'This is the card that we will use in the blah blah ', '1', '1', '1', '200.00', '300.00', '194.00', '2.00', 'uploads/products/1776094802_ef3b71d6caf8b620f797.jpg', '1', '1', '2026-04-13 15:40:02', '2026-04-14 02:26:45', NULL);
INSERT INTO `products` (`id`, `product_name`, `sku`, `barcode`, `qr_code`, `description`, `category_id`, `unit_id`, `supplier_id`, `purchase_price`, `selling_price`, `quantity`, `minimum_stock`, `product_image`, `created_by`, `updated_by`, `created_at`, `updated_at`, `deleted_at`) VALUES ('2', 'Heat Press', 'x-23', 'jkfdjfdkfjj', NULL, 'jfkfkdjfd', '1', '16', NULL, '200.00', '300.00', '45001.00', '1.00', 'uploads/products/1776129412_63df1b4bcab966d01839.png', '1', '1', '2026-04-14 01:16:52', '2026-04-14 01:21:10', NULL);

DROP TABLE IF EXISTS `purchase_items`;
CREATE TABLE `purchase_items` (
  `id` int(11) unsigned NOT NULL AUTO_INCREMENT,
  `purchase_id` int(11) unsigned NOT NULL,
  `product_id` int(11) unsigned NOT NULL,
  `quantity` decimal(15,2) NOT NULL,
  `unit_price` decimal(15,2) NOT NULL,
  `total_price` decimal(15,2) NOT NULL,
  `created_at` datetime DEFAULT NULL,
  `updated_at` datetime DEFAULT NULL,
  PRIMARY KEY (`id`),
  KEY `purchase_items_purchase_id_foreign` (`purchase_id`),
  KEY `purchase_items_product_id_foreign` (`product_id`),
  CONSTRAINT `purchase_items_product_id_foreign` FOREIGN KEY (`product_id`) REFERENCES `products` (`id`) ON DELETE CASCADE,
  CONSTRAINT `purchase_items_purchase_id_foreign` FOREIGN KEY (`purchase_id`) REFERENCES `purchases` (`id`) ON DELETE CASCADE ON UPDATE CASCADE
) ENGINE=InnoDB DEFAULT CHARSET=utf8mb4 COLLATE=utf8mb4_general_ci;

DROP TABLE IF EXISTS `purchases`;
CREATE TABLE `purchases` (
  `id` int(11) unsigned NOT NULL AUTO_INCREMENT,
  `purchase_number` varchar(100) NOT NULL,
  `supplier_id` int(11) unsigned DEFAULT NULL,
  `supplier_name` varchar(255) DEFAULT NULL,
  `invoice_number` varchar(100) DEFAULT NULL,
  `purchase_date` date NOT NULL,
  `subtotal` decimal(15,2) NOT NULL DEFAULT 0.00,
  `tax` decimal(15,2) NOT NULL DEFAULT 0.00,
  `discount` decimal(15,2) NOT NULL DEFAULT 0.00,
  `total_amount` decimal(15,2) NOT NULL DEFAULT 0.00,
  `currency` enum('LRD','USD') NOT NULL DEFAULT 'LRD',
  `exchange_rate` decimal(10,4) DEFAULT NULL,
  `payment_status` enum('Paid','Unpaid','Partial') NOT NULL DEFAULT 'Unpaid',
  `payment_method` varchar(50) DEFAULT NULL,
  `notes` text DEFAULT NULL,
  `status` enum('Draft','Received','Cancelled') NOT NULL DEFAULT 'Draft',
  `created_by` int(11) unsigned NOT NULL,
  `updated_by` int(11) unsigned DEFAULT NULL,
  `created_at` datetime DEFAULT NULL,
  `updated_at` datetime DEFAULT NULL,
  `deleted_at` datetime DEFAULT NULL,
  PRIMARY KEY (`id`),
  UNIQUE KEY `purchase_number` (`purchase_number`),
  KEY `purchases_supplier_id_foreign` (`supplier_id`),
  KEY `purchases_created_by_foreign` (`created_by`),
  KEY `purchases_updated_by_foreign` (`updated_by`),
  CONSTRAINT `purchases_created_by_foreign` FOREIGN KEY (`created_by`) REFERENCES `users` (`id`) ON DELETE CASCADE,
  CONSTRAINT `purchases_supplier_id_foreign` FOREIGN KEY (`supplier_id`) REFERENCES `suppliers` (`id`) ON DELETE CASCADE ON UPDATE SET NULL,
  CONSTRAINT `purchases_updated_by_foreign` FOREIGN KEY (`updated_by`) REFERENCES `users` (`id`) ON DELETE CASCADE ON UPDATE SET NULL
) ENGINE=InnoDB DEFAULT CHARSET=utf8mb4 COLLATE=utf8mb4_general_ci;

DROP TABLE IF EXISTS `role_permissions`;
CREATE TABLE `role_permissions` (
  `id` int(11) unsigned NOT NULL AUTO_INCREMENT,
  `role_id` int(11) unsigned NOT NULL,
  `permission_id` int(11) unsigned NOT NULL,
  `created_at` datetime DEFAULT NULL,
  PRIMARY KEY (`id`),
  UNIQUE KEY `role_id_permission_id` (`role_id`,`permission_id`),
  KEY `role_permissions_permission_id_foreign` (`permission_id`),
  CONSTRAINT `role_permissions_permission_id_foreign` FOREIGN KEY (`permission_id`) REFERENCES `permissions` (`id`) ON DELETE CASCADE ON UPDATE CASCADE,
  CONSTRAINT `role_permissions_role_id_foreign` FOREIGN KEY (`role_id`) REFERENCES `roles` (`id`) ON DELETE CASCADE ON UPDATE CASCADE
) ENGINE=InnoDB AUTO_INCREMENT=68 DEFAULT CHARSET=utf8mb4 COLLATE=utf8mb4_general_ci;

INSERT INTO `role_permissions` (`id`, `role_id`, `permission_id`, `created_at`) VALUES ('1', '1', '1', '2026-04-13 15:34:12');
INSERT INTO `role_permissions` (`id`, `role_id`, `permission_id`, `created_at`) VALUES ('2', '1', '2', '2026-04-13 15:34:12');
INSERT INTO `role_permissions` (`id`, `role_id`, `permission_id`, `created_at`) VALUES ('3', '1', '3', '2026-04-13 15:34:12');
INSERT INTO `role_permissions` (`id`, `role_id`, `permission_id`, `created_at`) VALUES ('4', '1', '4', '2026-04-13 15:34:12');
INSERT INTO `role_permissions` (`id`, `role_id`, `permission_id`, `created_at`) VALUES ('5', '1', '5', '2026-04-13 15:34:12');
INSERT INTO `role_permissions` (`id`, `role_id`, `permission_id`, `created_at`) VALUES ('6', '1', '6', '2026-04-13 15:34:12');
INSERT INTO `role_permissions` (`id`, `role_id`, `permission_id`, `created_at`) VALUES ('7', '1', '7', '2026-04-13 15:34:12');
INSERT INTO `role_permissions` (`id`, `role_id`, `permission_id`, `created_at`) VALUES ('8', '1', '8', '2026-04-13 15:34:12');
INSERT INTO `role_permissions` (`id`, `role_id`, `permission_id`, `created_at`) VALUES ('9', '1', '9', '2026-04-13 15:34:12');
INSERT INTO `role_permissions` (`id`, `role_id`, `permission_id`, `created_at`) VALUES ('10', '1', '10', '2026-04-13 15:34:12');
INSERT INTO `role_permissions` (`id`, `role_id`, `permission_id`, `created_at`) VALUES ('11', '1', '11', '2026-04-13 15:34:12');
INSERT INTO `role_permissions` (`id`, `role_id`, `permission_id`, `created_at`) VALUES ('12', '1', '12', '2026-04-13 15:34:12');
INSERT INTO `role_permissions` (`id`, `role_id`, `permission_id`, `created_at`) VALUES ('13', '1', '13', '2026-04-13 15:34:12');
INSERT INTO `role_permissions` (`id`, `role_id`, `permission_id`, `created_at`) VALUES ('14', '1', '14', '2026-04-13 15:34:12');
INSERT INTO `role_permissions` (`id`, `role_id`, `permission_id`, `created_at`) VALUES ('15', '1', '15', '2026-04-13 15:34:12');
INSERT INTO `role_permissions` (`id`, `role_id`, `permission_id`, `created_at`) VALUES ('16', '1', '16', '2026-04-13 15:34:12');
INSERT INTO `role_permissions` (`id`, `role_id`, `permission_id`, `created_at`) VALUES ('17', '1', '17', '2026-04-13 15:34:12');
INSERT INTO `role_permissions` (`id`, `role_id`, `permission_id`, `created_at`) VALUES ('18', '1', '18', '2026-04-13 15:34:12');
INSERT INTO `role_permissions` (`id`, `role_id`, `permission_id`, `created_at`) VALUES ('19', '1', '19', '2026-04-13 15:34:12');
INSERT INTO `role_permissions` (`id`, `role_id`, `permission_id`, `created_at`) VALUES ('20', '1', '20', '2026-04-13 15:34:12');
INSERT INTO `role_permissions` (`id`, `role_id`, `permission_id`, `created_at`) VALUES ('21', '1', '21', '2026-04-13 15:34:12');
INSERT INTO `role_permissions` (`id`, `role_id`, `permission_id`, `created_at`) VALUES ('22', '1', '22', '2026-04-13 15:34:12');
INSERT INTO `role_permissions` (`id`, `role_id`, `permission_id`, `created_at`) VALUES ('23', '1', '23', '2026-04-13 15:34:12');
INSERT INTO `role_permissions` (`id`, `role_id`, `permission_id`, `created_at`) VALUES ('24', '1', '24', '2026-04-13 15:34:12');
INSERT INTO `role_permissions` (`id`, `role_id`, `permission_id`, `created_at`) VALUES ('25', '1', '25', '2026-04-13 15:34:12');
INSERT INTO `role_permissions` (`id`, `role_id`, `permission_id`, `created_at`) VALUES ('26', '1', '26', '2026-04-13 15:34:12');
INSERT INTO `role_permissions` (`id`, `role_id`, `permission_id`, `created_at`) VALUES ('27', '1', '27', '2026-04-13 15:34:12');
INSERT INTO `role_permissions` (`id`, `role_id`, `permission_id`, `created_at`) VALUES ('28', '1', '28', '2026-04-13 15:34:12');
INSERT INTO `role_permissions` (`id`, `role_id`, `permission_id`, `created_at`) VALUES ('29', '1', '29', '2026-04-13 15:34:12');
INSERT INTO `role_permissions` (`id`, `role_id`, `permission_id`, `created_at`) VALUES ('30', '1', '30', '2026-04-13 15:34:12');
INSERT INTO `role_permissions` (`id`, `role_id`, `permission_id`, `created_at`) VALUES ('31', '1', '31', '2026-04-13 15:34:12');
INSERT INTO `role_permissions` (`id`, `role_id`, `permission_id`, `created_at`) VALUES ('32', '1', '32', '2026-04-13 15:34:12');
INSERT INTO `role_permissions` (`id`, `role_id`, `permission_id`, `created_at`) VALUES ('33', '1', '33', '2026-04-13 15:34:12');
INSERT INTO `role_permissions` (`id`, `role_id`, `permission_id`, `created_at`) VALUES ('34', '2', '1', '2026-04-13 15:34:12');
INSERT INTO `role_permissions` (`id`, `role_id`, `permission_id`, `created_at`) VALUES ('35', '2', '2', '2026-04-13 15:34:12');
INSERT INTO `role_permissions` (`id`, `role_id`, `permission_id`, `created_at`) VALUES ('36', '2', '3', '2026-04-13 15:34:12');
INSERT INTO `role_permissions` (`id`, `role_id`, `permission_id`, `created_at`) VALUES ('37', '2', '4', '2026-04-13 15:34:12');
INSERT INTO `role_permissions` (`id`, `role_id`, `permission_id`, `created_at`) VALUES ('38', '2', '5', '2026-04-13 15:34:12');
INSERT INTO `role_permissions` (`id`, `role_id`, `permission_id`, `created_at`) VALUES ('39', '2', '6', '2026-04-13 15:34:12');
INSERT INTO `role_permissions` (`id`, `role_id`, `permission_id`, `created_at`) VALUES ('40', '2', '7', '2026-04-13 15:34:12');
INSERT INTO `role_permissions` (`id`, `role_id`, `permission_id`, `created_at`) VALUES ('41', '2', '8', '2026-04-13 15:34:12');
INSERT INTO `role_permissions` (`id`, `role_id`, `permission_id`, `created_at`) VALUES ('42', '2', '9', '2026-04-13 15:34:12');
INSERT INTO `role_permissions` (`id`, `role_id`, `permission_id`, `created_at`) VALUES ('43', '2', '10', '2026-04-13 15:34:12');
INSERT INTO `role_permissions` (`id`, `role_id`, `permission_id`, `created_at`) VALUES ('44', '2', '11', '2026-04-13 15:34:12');
INSERT INTO `role_permissions` (`id`, `role_id`, `permission_id`, `created_at`) VALUES ('45', '2', '12', '2026-04-13 15:34:12');
INSERT INTO `role_permissions` (`id`, `role_id`, `permission_id`, `created_at`) VALUES ('46', '2', '13', '2026-04-13 15:34:12');
INSERT INTO `role_permissions` (`id`, `role_id`, `permission_id`, `created_at`) VALUES ('47', '2', '14', '2026-04-13 15:34:12');
INSERT INTO `role_permissions` (`id`, `role_id`, `permission_id`, `created_at`) VALUES ('48', '2', '15', '2026-04-13 15:34:12');
INSERT INTO `role_permissions` (`id`, `role_id`, `permission_id`, `created_at`) VALUES ('49', '2', '16', '2026-04-13 15:34:12');
INSERT INTO `role_permissions` (`id`, `role_id`, `permission_id`, `created_at`) VALUES ('50', '2', '17', '2026-04-13 15:34:12');
INSERT INTO `role_permissions` (`id`, `role_id`, `permission_id`, `created_at`) VALUES ('51', '2', '18', '2026-04-13 15:34:12');
INSERT INTO `role_permissions` (`id`, `role_id`, `permission_id`, `created_at`) VALUES ('52', '2', '19', '2026-04-13 15:34:12');
INSERT INTO `role_permissions` (`id`, `role_id`, `permission_id`, `created_at`) VALUES ('53', '2', '20', '2026-04-13 15:34:12');
INSERT INTO `role_permissions` (`id`, `role_id`, `permission_id`, `created_at`) VALUES ('54', '2', '21', '2026-04-13 15:34:12');
INSERT INTO `role_permissions` (`id`, `role_id`, `permission_id`, `created_at`) VALUES ('55', '2', '22', '2026-04-13 15:34:12');
INSERT INTO `role_permissions` (`id`, `role_id`, `permission_id`, `created_at`) VALUES ('56', '2', '23', '2026-04-13 15:34:12');
INSERT INTO `role_permissions` (`id`, `role_id`, `permission_id`, `created_at`) VALUES ('57', '2', '24', '2026-04-13 15:34:12');
INSERT INTO `role_permissions` (`id`, `role_id`, `permission_id`, `created_at`) VALUES ('58', '2', '25', '2026-04-13 15:34:12');
INSERT INTO `role_permissions` (`id`, `role_id`, `permission_id`, `created_at`) VALUES ('59', '2', '26', '2026-04-13 15:34:12');
INSERT INTO `role_permissions` (`id`, `role_id`, `permission_id`, `created_at`) VALUES ('60', '3', '1', '2026-04-13 15:34:12');
INSERT INTO `role_permissions` (`id`, `role_id`, `permission_id`, `created_at`) VALUES ('61', '3', '3', '2026-04-13 15:34:12');
INSERT INTO `role_permissions` (`id`, `role_id`, `permission_id`, `created_at`) VALUES ('62', '3', '4', '2026-04-13 15:34:12');
INSERT INTO `role_permissions` (`id`, `role_id`, `permission_id`, `created_at`) VALUES ('63', '3', '9', '2026-04-13 15:34:12');
INSERT INTO `role_permissions` (`id`, `role_id`, `permission_id`, `created_at`) VALUES ('64', '3', '10', '2026-04-13 15:34:12');
INSERT INTO `role_permissions` (`id`, `role_id`, `permission_id`, `created_at`) VALUES ('65', '3', '12', '2026-04-13 15:34:12');
INSERT INTO `role_permissions` (`id`, `role_id`, `permission_id`, `created_at`) VALUES ('66', '3', '13', '2026-04-13 15:34:12');
INSERT INTO `role_permissions` (`id`, `role_id`, `permission_id`, `created_at`) VALUES ('67', '3', '25', '2026-04-13 15:34:12');

DROP TABLE IF EXISTS `roles`;
CREATE TABLE `roles` (
  `id` int(11) unsigned NOT NULL AUTO_INCREMENT,
  `role_name` varchar(50) NOT NULL,
  `description` text DEFAULT NULL,
  `created_at` datetime DEFAULT NULL,
  `updated_at` datetime DEFAULT NULL,
  `deleted_at` datetime DEFAULT NULL,
  PRIMARY KEY (`id`),
  UNIQUE KEY `role_name` (`role_name`)
) ENGINE=InnoDB AUTO_INCREMENT=4 DEFAULT CHARSET=utf8mb4 COLLATE=utf8mb4_general_ci;

INSERT INTO `roles` (`id`, `role_name`, `description`, `created_at`, `updated_at`, `deleted_at`) VALUES ('1', 'Admin', 'Full system control and configuration', '2026-04-13 15:34:12', '2026-04-13 15:34:12', NULL);
INSERT INTO `roles` (`id`, `role_name`, `description`, `created_at`, `updated_at`, `deleted_at`) VALUES ('2', 'Manager', 'Day-to-day operations and reporting', '2026-04-13 15:34:12', '2026-04-13 15:34:12', NULL);
INSERT INTO `roles` (`id`, `role_name`, `description`, `created_at`, `updated_at`, `deleted_at`) VALUES ('3', 'Staff', 'Basic data entry and viewing', '2026-04-13 15:34:12', '2026-04-13 15:34:12', NULL);

DROP TABLE IF EXISTS `sale_items`;
CREATE TABLE `sale_items` (
  `id` int(11) unsigned NOT NULL AUTO_INCREMENT,
  `sale_id` int(11) unsigned NOT NULL,
  `product_id` int(11) unsigned NOT NULL,
  `quantity` decimal(15,2) NOT NULL,
  `unit_price` decimal(15,2) NOT NULL,
  `discount` decimal(15,2) NOT NULL DEFAULT 0.00,
  `total_price` decimal(15,2) NOT NULL,
  `created_at` datetime DEFAULT NULL,
  `updated_at` datetime DEFAULT NULL,
  PRIMARY KEY (`id`),
  KEY `sale_items_sale_id_foreign` (`sale_id`),
  KEY `sale_items_product_id_foreign` (`product_id`),
  CONSTRAINT `sale_items_product_id_foreign` FOREIGN KEY (`product_id`) REFERENCES `products` (`id`) ON DELETE CASCADE,
  CONSTRAINT `sale_items_sale_id_foreign` FOREIGN KEY (`sale_id`) REFERENCES `sales` (`id`) ON DELETE CASCADE ON UPDATE CASCADE
) ENGINE=InnoDB AUTO_INCREMENT=3 DEFAULT CHARSET=utf8mb4 COLLATE=utf8mb4_general_ci;

INSERT INTO `sale_items` (`id`, `sale_id`, `product_id`, `quantity`, `unit_price`, `discount`, `total_price`, `created_at`, `updated_at`) VALUES ('2', '1', '1', '1.00', '300.00', '0.00', '300.00', '2026-04-14 02:26:45', '2026-04-14 02:26:45');

DROP TABLE IF EXISTS `sales`;
CREATE TABLE `sales` (
  `id` int(11) unsigned NOT NULL AUTO_INCREMENT,
  `invoice_number` varchar(100) NOT NULL,
  `customer_id` int(11) unsigned DEFAULT NULL,
  `customer_name` varchar(255) DEFAULT NULL,
  `customer_phone` varchar(50) DEFAULT NULL,
  `customer_email` varchar(255) DEFAULT NULL,
  `sale_date` date NOT NULL,
  `subtotal` decimal(15,2) NOT NULL DEFAULT 0.00,
  `tax` decimal(15,2) NOT NULL DEFAULT 0.00,
  `discount` decimal(15,2) NOT NULL DEFAULT 0.00,
  `total_amount` decimal(15,2) NOT NULL DEFAULT 0.00,
  `currency` enum('LRD','USD') NOT NULL DEFAULT 'LRD',
  `exchange_rate` decimal(10,4) DEFAULT NULL,
  `payment_method` varchar(50) NOT NULL,
  `payment_status` enum('Paid','Unpaid','Partial') NOT NULL DEFAULT 'Unpaid',
  `amount_paid` decimal(15,2) NOT NULL DEFAULT 0.00,
  `balance_due` decimal(15,2) NOT NULL DEFAULT 0.00,
  `notes` text DEFAULT NULL,
  `qr_code` text DEFAULT NULL,
  `created_by` int(11) unsigned NOT NULL,
  `updated_by` int(11) unsigned DEFAULT NULL,
  `created_at` datetime DEFAULT NULL,
  `updated_at` datetime DEFAULT NULL,
  `deleted_at` datetime DEFAULT NULL,
  PRIMARY KEY (`id`),
  UNIQUE KEY `invoice_number` (`invoice_number`),
  KEY `sales_customer_id_foreign` (`customer_id`),
  KEY `sales_created_by_foreign` (`created_by`),
  KEY `sales_updated_by_foreign` (`updated_by`),
  CONSTRAINT `sales_created_by_foreign` FOREIGN KEY (`created_by`) REFERENCES `users` (`id`) ON DELETE CASCADE,
  CONSTRAINT `sales_customer_id_foreign` FOREIGN KEY (`customer_id`) REFERENCES `customers` (`id`) ON DELETE CASCADE ON UPDATE SET NULL,
  CONSTRAINT `sales_updated_by_foreign` FOREIGN KEY (`updated_by`) REFERENCES `users` (`id`) ON DELETE CASCADE ON UPDATE SET NULL
) ENGINE=InnoDB AUTO_INCREMENT=2 DEFAULT CHARSET=utf8mb4 COLLATE=utf8mb4_general_ci;

INSERT INTO `sales` (`id`, `invoice_number`, `customer_id`, `customer_name`, `customer_phone`, `customer_email`, `sale_date`, `subtotal`, `tax`, `discount`, `total_amount`, `currency`, `exchange_rate`, `payment_method`, `payment_status`, `amount_paid`, `balance_due`, `notes`, `qr_code`, `created_by`, `updated_by`, `created_at`, `updated_at`, `deleted_at`) VALUES ('1', 'INV-202604-0001', NULL, 'Walk-in Customer', NULL, NULL, '2026-04-13', '300.00', '0.00', '0.00', '300.00', 'USD', '1.0000', 'Cash', 'Partial', '200.00', '100.00', '', NULL, '1', '1', '2026-04-13 16:14:46', '2026-04-14 02:26:45', NULL);

DROP TABLE IF EXISTS `stock_movements`;
CREATE TABLE `stock_movements` (
  `id` int(11) unsigned NOT NULL AUTO_INCREMENT,
  `product_id` int(11) unsigned NOT NULL,
  `movement_type` enum('Purchase','Sale','Production','Adjustment') NOT NULL,
  `reference_type` varchar(50) NOT NULL,
  `reference_id` int(11) unsigned NOT NULL,
  `quantity` decimal(15,2) NOT NULL,
  `previous_quantity` decimal(15,2) NOT NULL,
  `new_quantity` decimal(15,2) NOT NULL,
  `unit_price` decimal(15,2) DEFAULT NULL,
  `total_value` decimal(15,2) DEFAULT NULL,
  `notes` text DEFAULT NULL,
  `currency` enum('LRD','USD') NOT NULL DEFAULT 'LRD',
  `exchange_rate` decimal(10,4) DEFAULT NULL,
  `created_by` int(11) unsigned NOT NULL,
  `created_at` datetime DEFAULT NULL,
  PRIMARY KEY (`id`),
  KEY `stock_movements_created_by_foreign` (`created_by`),
  KEY `product_id` (`product_id`),
  KEY `reference_type_reference_id` (`reference_type`,`reference_id`),
  CONSTRAINT `stock_movements_created_by_foreign` FOREIGN KEY (`created_by`) REFERENCES `users` (`id`) ON DELETE CASCADE,
  CONSTRAINT `stock_movements_product_id_foreign` FOREIGN KEY (`product_id`) REFERENCES `products` (`id`) ON DELETE CASCADE
) ENGINE=InnoDB AUTO_INCREMENT=13 DEFAULT CHARSET=utf8mb4 COLLATE=utf8mb4_general_ci;

INSERT INTO `stock_movements` (`id`, `product_id`, `movement_type`, `reference_type`, `reference_id`, `quantity`, `previous_quantity`, `new_quantity`, `unit_price`, `total_value`, `notes`, `currency`, `exchange_rate`, `created_by`, `created_at`) VALUES ('1', '1', 'Adjustment', 'initial_stock', '1', '200.00', '0.00', '200.00', NULL, NULL, NULL, 'LRD', NULL, '1', NULL);
INSERT INTO `stock_movements` (`id`, `product_id`, `movement_type`, `reference_type`, `reference_id`, `quantity`, `previous_quantity`, `new_quantity`, `unit_price`, `total_value`, `notes`, `currency`, `exchange_rate`, `created_by`, `created_at`) VALUES ('2', '1', 'Adjustment', 'stock_adjustment', '1', '-2.00', '200.00', '198.00', NULL, NULL, NULL, 'LRD', NULL, '1', NULL);
INSERT INTO `stock_movements` (`id`, `product_id`, `movement_type`, `reference_type`, `reference_id`, `quantity`, `previous_quantity`, `new_quantity`, `unit_price`, `total_value`, `notes`, `currency`, `exchange_rate`, `created_by`, `created_at`) VALUES ('3', '1', 'Sale', 'sale', '1', '-1.00', '198.00', '197.00', '300.00', '300.00', NULL, 'USD', NULL, '1', NULL);
INSERT INTO `stock_movements` (`id`, `product_id`, `movement_type`, `reference_type`, `reference_id`, `quantity`, `previous_quantity`, `new_quantity`, `unit_price`, `total_value`, `notes`, `currency`, `exchange_rate`, `created_by`, `created_at`) VALUES ('4', '1', 'Adjustment', 'Damaged Goods', '1', '-2.00', '197.00', '195.00', '200.00', '400.00', 'two items were damage when we purchase this item', 'LRD', NULL, '1', NULL);
INSERT INTO `stock_movements` (`id`, `product_id`, `movement_type`, `reference_type`, `reference_id`, `quantity`, `previous_quantity`, `new_quantity`, `unit_price`, `total_value`, `notes`, `currency`, `exchange_rate`, `created_by`, `created_at`) VALUES ('5', '1', '', 'stock_adjustment', '1', '-2.00', '195.00', '193.00', NULL, NULL, NULL, 'LRD', NULL, '1', NULL);
INSERT INTO `stock_movements` (`id`, `product_id`, `movement_type`, `reference_type`, `reference_id`, `quantity`, `previous_quantity`, `new_quantity`, `unit_price`, `total_value`, `notes`, `currency`, `exchange_rate`, `created_by`, `created_at`) VALUES ('6', '1', 'Adjustment', 'adjustment_event', '3', '-2.00', '195.00', '193.00', '200.00', '400.00', NULL, 'LRD', NULL, '1', NULL);
INSERT INTO `stock_movements` (`id`, `product_id`, `movement_type`, `reference_type`, `reference_id`, `quantity`, `previous_quantity`, `new_quantity`, `unit_price`, `total_value`, `notes`, `currency`, `exchange_rate`, `created_by`, `created_at`) VALUES ('7', '2', 'Adjustment', 'initial_stock', '2', '1.00', '0.00', '1.00', NULL, NULL, NULL, 'LRD', NULL, '1', NULL);
INSERT INTO `stock_movements` (`id`, `product_id`, `movement_type`, `reference_type`, `reference_id`, `quantity`, `previous_quantity`, `new_quantity`, `unit_price`, `total_value`, `notes`, `currency`, `exchange_rate`, `created_by`, `created_at`) VALUES ('8', '2', 'Adjustment', 'Other', '2', '45000.00', '1.00', '45001.00', '200.00', '9000000.00', 'The number of time the heat press was used need to be added up', 'LRD', NULL, '1', NULL);
INSERT INTO `stock_movements` (`id`, `product_id`, `movement_type`, `reference_type`, `reference_id`, `quantity`, `previous_quantity`, `new_quantity`, `unit_price`, `total_value`, `notes`, `currency`, `exchange_rate`, `created_by`, `created_at`) VALUES ('9', '1', '', 'stock_adjustment', '1', '1.00', '193.00', '194.00', NULL, NULL, NULL, 'LRD', NULL, '1', NULL);
INSERT INTO `stock_movements` (`id`, `product_id`, `movement_type`, `reference_type`, `reference_id`, `quantity`, `previous_quantity`, `new_quantity`, `unit_price`, `total_value`, `notes`, `currency`, `exchange_rate`, `created_by`, `created_at`) VALUES ('10', '1', 'Adjustment', 'adjustment_event', '4', '1.00', '193.00', '194.00', '200.00', '200.00', NULL, 'LRD', NULL, '1', NULL);
INSERT INTO `stock_movements` (`id`, `product_id`, `movement_type`, `reference_type`, `reference_id`, `quantity`, `previous_quantity`, `new_quantity`, `unit_price`, `total_value`, `notes`, `currency`, `exchange_rate`, `created_by`, `created_at`) VALUES ('11', '1', '', 'stock_adjustment', '1', '1.00', '194.00', '195.00', NULL, NULL, NULL, 'LRD', NULL, '1', NULL);
INSERT INTO `stock_movements` (`id`, `product_id`, `movement_type`, `reference_type`, `reference_id`, `quantity`, `previous_quantity`, `new_quantity`, `unit_price`, `total_value`, `notes`, `currency`, `exchange_rate`, `created_by`, `created_at`) VALUES ('12', '1', '', 'stock_adjustment', '1', '-1.00', '195.00', '194.00', NULL, NULL, NULL, 'LRD', NULL, '1', NULL);

DROP TABLE IF EXISTS `suppliers`;
CREATE TABLE `suppliers` (
  `id` int(11) unsigned NOT NULL AUTO_INCREMENT,
  `supplier_name` varchar(255) NOT NULL,
  `contact_person` varchar(255) DEFAULT NULL,
  `phone` varchar(50) NOT NULL,
  `email` varchar(255) DEFAULT NULL,
  `address` text DEFAULT NULL,
  `tax_number` varchar(100) DEFAULT NULL,
  `payment_terms` varchar(100) DEFAULT NULL,
  `created_by` int(11) unsigned NOT NULL,
  `updated_by` int(11) unsigned DEFAULT NULL,
  `created_at` datetime DEFAULT NULL,
  `updated_at` datetime DEFAULT NULL,
  `deleted_at` datetime DEFAULT NULL,
  PRIMARY KEY (`id`),
  KEY `suppliers_created_by_foreign` (`created_by`),
  KEY `suppliers_updated_by_foreign` (`updated_by`),
  CONSTRAINT `suppliers_created_by_foreign` FOREIGN KEY (`created_by`) REFERENCES `users` (`id`) ON DELETE CASCADE,
  CONSTRAINT `suppliers_updated_by_foreign` FOREIGN KEY (`updated_by`) REFERENCES `users` (`id`) ON DELETE CASCADE ON UPDATE SET NULL
) ENGINE=InnoDB AUTO_INCREMENT=2 DEFAULT CHARSET=utf8mb4 COLLATE=utf8mb4_general_ci;

INSERT INTO `suppliers` (`id`, `supplier_name`, `contact_person`, `phone`, `email`, `address`, `tax_number`, `payment_terms`, `created_by`, `updated_by`, `created_at`, `updated_at`, `deleted_at`) VALUES ('1', 'Amos & Son', 'James Paul', '231000000000', 'aa@gmail.com', 'Nnyyaabb', NULL, NULL, '1', NULL, '2026-04-13 15:38:34', '2026-04-13 15:38:34', NULL);

DROP TABLE IF EXISTS `system_settings`;
CREATE TABLE `system_settings` (
  `id` int(11) unsigned NOT NULL AUTO_INCREMENT,
  `setting_key` varchar(100) NOT NULL,
  `setting_value` text NOT NULL,
  `setting_type` varchar(50) NOT NULL DEFAULT 'string',
  `group` varchar(50) NOT NULL DEFAULT 'general',
  `created_at` datetime DEFAULT NULL,
  `updated_at` datetime DEFAULT NULL,
  PRIMARY KEY (`id`),
  UNIQUE KEY `setting_key` (`setting_key`)
) ENGINE=InnoDB AUTO_INCREMENT=5 DEFAULT CHARSET=utf8mb4 COLLATE=utf8mb4_general_ci;

INSERT INTO `system_settings` (`id`, `setting_key`, `setting_value`, `setting_type`, `group`, `created_at`, `updated_at`) VALUES ('1', 'business_name', 'Innovative Graphics', 'string', 'general', '2026-04-13 15:34:13', '2026-04-13 15:34:13');
INSERT INTO `system_settings` (`id`, `setting_key`, `setting_value`, `setting_type`, `group`, `created_at`, `updated_at`) VALUES ('2', 'default_currency', 'LRD', 'string', 'currency', '2026-04-13 15:34:13', '2026-04-13 15:34:13');
INSERT INTO `system_settings` (`id`, `setting_key`, `setting_value`, `setting_type`, `group`, `created_at`, `updated_at`) VALUES ('3', 'session_timeout', '3600', 'integer', 'security', '2026-04-13 15:34:13', '2026-04-13 15:34:13');
INSERT INTO `system_settings` (`id`, `setting_key`, `setting_value`, `setting_type`, `group`, `created_at`, `updated_at`) VALUES ('4', 'default_unit', 'pcs', 'string', 'inventory', '2026-04-13 15:34:13', '2026-04-13 15:34:13');

DROP TABLE IF EXISTS `units`;
CREATE TABLE `units` (
  `id` int(11) unsigned NOT NULL AUTO_INCREMENT,
  `unit_name` varchar(50) NOT NULL,
  `unit_symbol` varchar(10) NOT NULL,
  `created_at` datetime DEFAULT NULL,
  `updated_at` datetime DEFAULT NULL,
  PRIMARY KEY (`id`),
  UNIQUE KEY `unit_name` (`unit_name`)
) ENGINE=InnoDB AUTO_INCREMENT=21 DEFAULT CHARSET=utf8mb4 COLLATE=utf8mb4_general_ci;

INSERT INTO `units` (`id`, `unit_name`, `unit_symbol`, `created_at`, `updated_at`) VALUES ('1', 'Pieces', 'pcs', '2026-04-13 15:34:13', '2026-04-13 15:34:13');
INSERT INTO `units` (`id`, `unit_name`, `unit_symbol`, `created_at`, `updated_at`) VALUES ('2', 'Carton', 'ctn', '2026-04-13 15:34:13', '2026-04-13 15:34:13');
INSERT INTO `units` (`id`, `unit_name`, `unit_symbol`, `created_at`, `updated_at`) VALUES ('3', 'Pack', 'pack', '2026-04-13 15:34:13', '2026-04-13 15:34:13');
INSERT INTO `units` (`id`, `unit_name`, `unit_symbol`, `created_at`, `updated_at`) VALUES ('4', 'Sheet', 'sheet', '2026-04-13 15:34:13', '2026-04-13 15:34:13');
INSERT INTO `units` (`id`, `unit_name`, `unit_symbol`, `created_at`, `updated_at`) VALUES ('5', 'Roll', 'roll', '2026-04-13 15:34:13', '2026-04-13 15:34:13');
INSERT INTO `units` (`id`, `unit_name`, `unit_symbol`, `created_at`, `updated_at`) VALUES ('6', 'Box', 'box', '2026-04-13 15:34:13', '2026-04-13 15:34:13');
INSERT INTO `units` (`id`, `unit_name`, `unit_symbol`, `created_at`, `updated_at`) VALUES ('7', 'Kilogram', 'kg', '2026-04-13 15:34:13', '2026-04-13 15:34:13');
INSERT INTO `units` (`id`, `unit_name`, `unit_symbol`, `created_at`, `updated_at`) VALUES ('8', 'Gram', 'g', '2026-04-13 15:34:13', '2026-04-13 15:34:13');
INSERT INTO `units` (`id`, `unit_name`, `unit_symbol`, `created_at`, `updated_at`) VALUES ('9', 'Liter', 'L', '2026-04-13 15:34:13', '2026-04-13 15:34:13');
INSERT INTO `units` (`id`, `unit_name`, `unit_symbol`, `created_at`, `updated_at`) VALUES ('10', 'Milliliter', 'mL', '2026-04-13 15:34:13', '2026-04-13 15:34:13');
INSERT INTO `units` (`id`, `unit_name`, `unit_symbol`, `created_at`, `updated_at`) VALUES ('11', 'Meter', 'm', '2026-04-13 15:34:13', '2026-04-13 15:34:13');
INSERT INTO `units` (`id`, `unit_name`, `unit_symbol`, `created_at`, `updated_at`) VALUES ('12', 'Centimeter', 'cm', '2026-04-13 15:34:13', '2026-04-13 15:34:13');
INSERT INTO `units` (`id`, `unit_name`, `unit_symbol`, `created_at`, `updated_at`) VALUES ('13', 'Dozen', 'doz', '2026-04-13 15:34:13', '2026-04-13 15:34:13');
INSERT INTO `units` (`id`, `unit_name`, `unit_symbol`, `created_at`, `updated_at`) VALUES ('14', 'Gross', 'gr', '2026-04-13 15:34:13', '2026-04-13 15:34:13');
INSERT INTO `units` (`id`, `unit_name`, `unit_symbol`, `created_at`, `updated_at`) VALUES ('15', 'Ream', 'ream', '2026-04-13 15:34:13', '2026-04-13 15:34:13');
INSERT INTO `units` (`id`, `unit_name`, `unit_symbol`, `created_at`, `updated_at`) VALUES ('16', 'Set', 'set', '2026-04-13 15:34:13', '2026-04-13 15:34:13');
INSERT INTO `units` (`id`, `unit_name`, `unit_symbol`, `created_at`, `updated_at`) VALUES ('17', 'Pair', 'pr', '2026-04-13 15:34:13', '2026-04-13 15:34:13');
INSERT INTO `units` (`id`, `unit_name`, `unit_symbol`, `created_at`, `updated_at`) VALUES ('18', 'Bundle', 'bdl', '2026-04-13 15:34:13', '2026-04-13 15:34:13');
INSERT INTO `units` (`id`, `unit_name`, `unit_symbol`, `created_at`, `updated_at`) VALUES ('19', 'Bag', 'bag', '2026-04-13 15:34:13', '2026-04-13 15:34:13');
INSERT INTO `units` (`id`, `unit_name`, `unit_symbol`, `created_at`, `updated_at`) VALUES ('20', 'Bottle', 'btl', '2026-04-13 15:34:13', '2026-04-13 15:34:13');

DROP TABLE IF EXISTS `users`;
CREATE TABLE `users` (
  `id` int(11) unsigned NOT NULL AUTO_INCREMENT,
  `username` varchar(100) NOT NULL,
  `email` varchar(255) NOT NULL,
  `password` varchar(255) NOT NULL,
  `full_name` varchar(255) NOT NULL,
  `phone` varchar(50) DEFAULT NULL,
  `role_id` int(11) unsigned NOT NULL,
  `is_active` tinyint(1) NOT NULL DEFAULT 1,
  `last_login` datetime DEFAULT NULL,
  `last_ip` varchar(45) DEFAULT NULL,
  `two_factor_secret` varchar(255) DEFAULT NULL,
  `two_factor_enabled` tinyint(1) NOT NULL DEFAULT 0,
  `reset_token` varchar(255) DEFAULT NULL,
  `reset_token_expiry` datetime DEFAULT NULL,
  `remember_token` varchar(255) DEFAULT NULL,
  `remember_token_expiry` datetime DEFAULT NULL,
  `created_at` datetime DEFAULT NULL,
  `updated_at` datetime DEFAULT NULL,
  `deleted_at` datetime DEFAULT NULL,
  PRIMARY KEY (`id`),
  UNIQUE KEY `username` (`username`),
  UNIQUE KEY `email` (`email`),
  KEY `users_role_id_foreign` (`role_id`),
  CONSTRAINT `users_role_id_foreign` FOREIGN KEY (`role_id`) REFERENCES `roles` (`id`) ON DELETE CASCADE
) ENGINE=InnoDB AUTO_INCREMENT=4 DEFAULT CHARSET=utf8mb4 COLLATE=utf8mb4_general_ci;

INSERT INTO `users` (`id`, `username`, `email`, `password`, `full_name`, `phone`, `role_id`, `is_active`, `last_login`, `last_ip`, `two_factor_secret`, `two_factor_enabled`, `reset_token`, `reset_token_expiry`, `remember_token`, `remember_token_expiry`, `created_at`, `updated_at`, `deleted_at`) VALUES ('1', 'tarnue P borbor', 'mathematics104@gmail.com', '$2y$10$oLMNv1MqoXH4q5mnkosOCuTP10onJuK0hrSMerTu2bOLen9ljW.1W', 'System Administratorw', '+231-778-651-747', '1', '1', '2026-04-14 14:06:23', '::1', NULL, '0', NULL, NULL, NULL, NULL, '2026-04-13 15:34:12', '2026-04-14 14:06:23', NULL);
INSERT INTO `users` (`id`, `username`, `email`, `password`, `full_name`, `phone`, `role_id`, `is_active`, `last_login`, `last_ip`, `two_factor_secret`, `two_factor_enabled`, `reset_token`, `reset_token_expiry`, `remember_token`, `remember_token_expiry`, `created_at`, `updated_at`, `deleted_at`) VALUES ('2', 'manager', 'manager@innovativegraphics.com', '$2y$10$NRShd4Ef/p8b5D7t1XA.fOrG/oKhAZl39xlc61HLM3idLR1PvnqVe', 'Operations Manager', '+231-778-651-748', '2', '1', NULL, NULL, NULL, '0', NULL, NULL, NULL, NULL, '2026-04-13 15:34:13', '2026-04-13 15:34:13', NULL);
INSERT INTO `users` (`id`, `username`, `email`, `password`, `full_name`, `phone`, `role_id`, `is_active`, `last_login`, `last_ip`, `two_factor_secret`, `two_factor_enabled`, `reset_token`, `reset_token_expiry`, `remember_token`, `remember_token_expiry`, `created_at`, `updated_at`, `deleted_at`) VALUES ('3', 'staff', 'staff@innovativegraphics.com', '$2y$10$gEU.LMaV9Gf3mll1BMDQz.7dZsECogt75k2CMejnnsQT0hBVKwOdy', 'Sales Staff', '+231-778-651-749', '3', '1', '2026-04-13 15:55:56', '::1', NULL, '0', NULL, NULL, NULL, NULL, '2026-04-13 15:34:13', '2026-04-13 16:02:56', NULL);

SET FOREIGN_KEY_CHECKS=1;
