-- Inventory Management System Backup
-- Date: 2026-03-23 14:51:22
-- Generated by: admin

SET FOREIGN_KEY_CHECKS=0;



DROP TABLE IF EXISTS `audit_logs`;
CREATE TABLE `audit_logs` (
  `id` int(11) unsigned NOT NULL AUTO_INCREMENT,
  `user_id` int(11) unsigned DEFAULT NULL,
  `action` varchar(50) NOT NULL,
  `entity` varchar(100) NOT NULL,
  `entity_id` varchar(100) DEFAULT NULL,
  `old_data` longtext CHARACTER SET utf8mb4 COLLATE utf8mb4_bin DEFAULT NULL CHECK (json_valid(`old_data`)),
  `new_data` longtext CHARACTER SET utf8mb4 COLLATE utf8mb4_bin DEFAULT NULL CHECK (json_valid(`new_data`)),
  `ip_address` varchar(45) NOT NULL,
  `user_agent` text DEFAULT NULL,
  `created_at` datetime DEFAULT NULL,
  PRIMARY KEY (`id`),
  KEY `user_id` (`user_id`),
  KEY `entity` (`entity`),
  CONSTRAINT `audit_logs_user_id_foreign` FOREIGN KEY (`user_id`) REFERENCES `users` (`id`) ON DELETE CASCADE ON UPDATE SET NULL
) ENGINE=InnoDB AUTO_INCREMENT=15 DEFAULT CHARSET=utf8mb4 COLLATE=utf8mb4_general_ci;

INSERT INTO `audit_logs` (`id`, `user_id`, `action`, `entity`, `entity_id`, `old_data`, `new_data`, `ip_address`, `user_agent`, `created_at`) VALUES ('1', NULL, 'login_failed', 'User', NULL, NULL, '{\"username\":\"admin@gmail.com\",\"reason\":\"Invalid credentials\",\"ip\":\"::1\"}', '::1', 'Mozilla/5.0 (Windows NT 10.0; Win64; x64) AppleWebKit/537.36 (KHTML, like Gecko) Chrome/146.0.0.0 Safari/537.36', NULL);
INSERT INTO `audit_logs` (`id`, `user_id`, `action`, `entity`, `entity_id`, `old_data`, `new_data`, `ip_address`, `user_agent`, `created_at`) VALUES ('2', NULL, 'login_failed', 'User', NULL, NULL, '{\"username\":\"admin@gmail.com\",\"reason\":\"Invalid credentials\",\"ip\":\"::1\"}', '::1', 'Mozilla/5.0 (Windows NT 10.0; Win64; x64) AppleWebKit/537.36 (KHTML, like Gecko) Chrome/146.0.0.0 Safari/537.36', NULL);
INSERT INTO `audit_logs` (`id`, `user_id`, `action`, `entity`, `entity_id`, `old_data`, `new_data`, `ip_address`, `user_agent`, `created_at`) VALUES ('3', NULL, 'login_failed', 'User', NULL, NULL, '{\"username\":\"admin\",\"reason\":\"Invalid credentials\",\"ip\":\"::1\"}', '::1', 'Mozilla/5.0 (Windows NT 10.0; Win64; x64) AppleWebKit/537.36 (KHTML, like Gecko) Chrome/146.0.0.0 Safari/537.36', NULL);
INSERT INTO `audit_logs` (`id`, `user_id`, `action`, `entity`, `entity_id`, `old_data`, `new_data`, `ip_address`, `user_agent`, `created_at`) VALUES ('4', '1', 'login_success', 'User', '1', NULL, '{\"ip\":\"::1\"}', '::1', 'Mozilla/5.0 (Windows NT 10.0; Win64; x64) AppleWebKit/537.36 (KHTML, like Gecko) Chrome/146.0.0.0 Safari/537.36', NULL);
INSERT INTO `audit_logs` (`id`, `user_id`, `action`, `entity`, `entity_id`, `old_data`, `new_data`, `ip_address`, `user_agent`, `created_at`) VALUES ('5', NULL, 'login_failed', 'User', NULL, NULL, '{\"username\":\"admin@gmail.com\",\"reason\":\"Invalid credentials\",\"ip\":\"::1\"}', '::1', 'Mozilla/5.0 (Windows NT 10.0; Win64; x64) AppleWebKit/537.36 (KHTML, like Gecko) Chrome/146.0.0.0 Safari/537.36', NULL);
INSERT INTO `audit_logs` (`id`, `user_id`, `action`, `entity`, `entity_id`, `old_data`, `new_data`, `ip_address`, `user_agent`, `created_at`) VALUES ('6', '1', 'login_success', 'User', '1', NULL, '{\"ip\":\"::1\"}', '::1', 'Mozilla/5.0 (Windows NT 10.0; Win64; x64) AppleWebKit/537.36 (KHTML, like Gecko) Chrome/146.0.0.0 Safari/537.36', NULL);
INSERT INTO `audit_logs` (`id`, `user_id`, `action`, `entity`, `entity_id`, `old_data`, `new_data`, `ip_address`, `user_agent`, `created_at`) VALUES ('7', '1', 'category_update', 'Category', '6', '{\"id\":\"6\",\"category_name\":\"Equipment\",\"description\":\"Printers, laminators\",\"parent_id\":null,\"created_at\":\"2026-03-22 13:31:48\",\"updated_at\":\"2026-03-22 13:31:48\",\"deleted_at\":null}', '{\"category_name\":\"Equipments\",\"description\":\"Printers, laminators\"}', '::1', 'Mozilla/5.0 (Windows NT 10.0; Win64; x64) AppleWebKit/537.36 (KHTML, like Gecko) Chrome/146.0.0.0 Safari/537.36', NULL);
INSERT INTO `audit_logs` (`id`, `user_id`, `action`, `entity`, `entity_id`, `old_data`, `new_data`, `ip_address`, `user_agent`, `created_at`) VALUES ('8', '1', 'category_delete', 'Category', '1', '{\"id\":\"1\",\"category_name\":\"ID Card Materials\",\"description\":\"PVC cards, ribbons, laminates\",\"parent_id\":null,\"created_at\":\"2026-03-22 13:31:48\",\"updated_at\":\"2026-03-22 13:31:48\",\"deleted_at\":null}', NULL, '::1', 'Mozilla/5.0 (Windows NT 10.0; Win64; x64) AppleWebKit/537.36 (KHTML, like Gecko) Chrome/146.0.0.0 Safari/537.36', NULL);
INSERT INTO `audit_logs` (`id`, `user_id`, `action`, `entity`, `entity_id`, `old_data`, `new_data`, `ip_address`, `user_agent`, `created_at`) VALUES ('9', '1', 'category_create', 'Category', '7', NULL, '{\"category_name\":\"test \",\"description\":\"test\"}', '::1', 'Mozilla/5.0 (Linux; Android 6.0.1; Moto G (4)) AppleWebKit/537.36 (KHTML, like Gecko) Chrome/146.0.0.0 Mobile Safari/537.36', NULL);
INSERT INTO `audit_logs` (`id`, `user_id`, `action`, `entity`, `entity_id`, `old_data`, `new_data`, `ip_address`, `user_agent`, `created_at`) VALUES ('10', '1', 'category_delete', 'Category', '7', '{\"id\":\"7\",\"category_name\":\"test \",\"description\":\"test\",\"parent_id\":null,\"created_at\":\"2026-03-23 11:01:55\",\"updated_at\":\"2026-03-23 11:01:55\",\"deleted_at\":null}', NULL, '::1', 'Mozilla/5.0 (Windows NT 10.0; Win64; x64) AppleWebKit/537.36 (KHTML, like Gecko) Chrome/146.0.0.0 Safari/537.36', NULL);
INSERT INTO `audit_logs` (`id`, `user_id`, `action`, `entity`, `entity_id`, `old_data`, `new_data`, `ip_address`, `user_agent`, `created_at`) VALUES ('11', '1', 'category_create', 'Category', '8', NULL, '{\"category_name\":\"Papetry\",\"description\":\"this has to do with paper materials\"}', '::1', 'Mozilla/5.0 (Windows NT 10.0; Win64; x64) AppleWebKit/537.36 (KHTML, like Gecko) Chrome/146.0.0.0 Safari/537.36', NULL);
INSERT INTO `audit_logs` (`id`, `user_id`, `action`, `entity`, `entity_id`, `old_data`, `new_data`, `ip_address`, `user_agent`, `created_at`) VALUES ('12', '1', 'customer_create', 'Customer', '1', NULL, '{\"customer_name\":\"Same G\",\"business_name\":\"Sethi Brother\",\"phone\":\"0775577736\",\"email\":\"testemail@gmail.com\",\"address\":\"New Georgia Gulf\",\"credit_limit\":\"500\",\"created_by\":\"1\"}', '::1', 'Mozilla/5.0 (Windows NT 10.0; Win64; x64) AppleWebKit/537.36 (KHTML, like Gecko) Chrome/146.0.0.0 Safari/537.36', NULL);
INSERT INTO `audit_logs` (`id`, `user_id`, `action`, `entity`, `entity_id`, `old_data`, `new_data`, `ip_address`, `user_agent`, `created_at`) VALUES ('13', '1', 'expense_create', 'Expense', '1', NULL, '{\"expense_category_id\":\"1\",\"amount\":\"200\",\"currency\":\"USD\",\"exchange_rate\":180,\"expense_date\":\"2026-03-23\",\"description\":\"Paid 200 Lrd for electricity this morning\",\"created_by\":\"1\",\"receipt_image\":\"uploads\\/receipts\\/1774277057_c6d3408211600e354b57.jpg\"}', '::1', 'Mozilla/5.0 (Windows NT 10.0; Win64; x64) AppleWebKit/537.36 (KHTML, like Gecko) Chrome/146.0.0.0 Safari/537.36', NULL);
INSERT INTO `audit_logs` (`id`, `user_id`, `action`, `entity`, `entity_id`, `old_data`, `new_data`, `ip_address`, `user_agent`, `created_at`) VALUES ('14', '1', 'expense_update', 'Expense', '1', '{\"id\":\"1\",\"expense_category_id\":\"1\",\"amount\":\"200.00\",\"currency\":\"USD\",\"exchange_rate\":\"180.0000\",\"expense_date\":\"2026-03-23\",\"description\":\"Paid 200 Lrd for electricity this morning\",\"receipt_image\":\"uploads\\/receipts\\/1774277057_c6d3408211600e354b57.jpg\",\"created_by\":\"1\",\"updated_by\":null,\"created_at\":\"2026-03-23 14:44:17\",\"updated_at\":\"2026-03-23 14:44:17\",\"deleted_at\":null}', '{\"expense_category_id\":\"1\",\"amount\":\"250.00\",\"currency\":\"USD\",\"exchange_rate\":180,\"expense_date\":\"2026-03-23\",\"description\":\"Paid 200 Lrd for electricity this morning\",\"updated_by\":\"1\"}', '::1', 'Mozilla/5.0 (Windows NT 10.0; Win64; x64) AppleWebKit/537.36 (KHTML, like Gecko) Chrome/146.0.0.0 Safari/537.36', NULL);



DROP TABLE IF EXISTS `backup_logs`;
CREATE TABLE `backup_logs` (
  `id` int(11) unsigned NOT NULL AUTO_INCREMENT,
  `backup_type` enum('Manual','Automatic') NOT NULL,
  `backup_file` varchar(255) NOT NULL,
  `backup_size` int(11) DEFAULT NULL,
  `status` enum('Success','Failed') NOT NULL,
  `message` text DEFAULT NULL,
  `created_by` int(11) unsigned DEFAULT NULL,
  `created_at` datetime DEFAULT NULL,
  PRIMARY KEY (`id`),
  KEY `backup_logs_created_by_foreign` (`created_by`),
  CONSTRAINT `backup_logs_created_by_foreign` FOREIGN KEY (`created_by`) REFERENCES `users` (`id`) ON DELETE CASCADE ON UPDATE SET NULL
) ENGINE=InnoDB DEFAULT CHARSET=utf8mb4 COLLATE=utf8mb4_general_ci;



DROP TABLE IF EXISTS `bom_template_items`;
CREATE TABLE `bom_template_items` (
  `id` int(11) unsigned NOT NULL AUTO_INCREMENT,
  `bom_template_id` int(11) unsigned NOT NULL,
  `product_id` int(11) unsigned NOT NULL,
  `quantity` decimal(15,2) NOT NULL,
  `created_at` datetime DEFAULT NULL,
  `updated_at` datetime DEFAULT NULL,
  PRIMARY KEY (`id`),
  KEY `bom_template_id` (`bom_template_id`),
  KEY `product_id` (`product_id`),
  CONSTRAINT `bom_template_items_bom_template_id_foreign` FOREIGN KEY (`bom_template_id`) REFERENCES `bom_templates` (`id`) ON DELETE CASCADE ON UPDATE CASCADE,
  CONSTRAINT `bom_template_items_product_id_foreign` FOREIGN KEY (`product_id`) REFERENCES `products` (`id`) ON DELETE CASCADE
) ENGINE=InnoDB DEFAULT CHARSET=utf8mb4 COLLATE=utf8mb4_general_ci;



DROP TABLE IF EXISTS `bom_templates`;
CREATE TABLE `bom_templates` (
  `id` int(11) unsigned NOT NULL AUTO_INCREMENT,
  `template_name` varchar(255) NOT NULL,
  `description` text DEFAULT NULL,
  `finished_product_id` int(11) unsigned DEFAULT NULL,
  `created_by` int(11) unsigned NOT NULL,
  `created_at` datetime DEFAULT NULL,
  `updated_at` datetime DEFAULT NULL,
  PRIMARY KEY (`id`),
  KEY `bom_templates_created_by_foreign` (`created_by`),
  KEY `finished_product_id` (`finished_product_id`),
  CONSTRAINT `bom_templates_created_by_foreign` FOREIGN KEY (`created_by`) REFERENCES `users` (`id`) ON DELETE CASCADE,
  CONSTRAINT `bom_templates_finished_product_id_foreign` FOREIGN KEY (`finished_product_id`) REFERENCES `products` (`id`) ON DELETE CASCADE ON UPDATE SET NULL
) ENGINE=InnoDB DEFAULT CHARSET=utf8mb4 COLLATE=utf8mb4_general_ci;



DROP TABLE IF EXISTS `categories`;
CREATE TABLE `categories` (
  `id` int(11) unsigned NOT NULL AUTO_INCREMENT,
  `category_name` varchar(100) NOT NULL,
  `description` text DEFAULT NULL,
  `parent_id` int(11) unsigned DEFAULT NULL,
  `created_at` datetime DEFAULT NULL,
  `updated_at` datetime DEFAULT NULL,
  `deleted_at` datetime DEFAULT NULL,
  PRIMARY KEY (`id`),
  KEY `categories_parent_id_foreign` (`parent_id`),
  CONSTRAINT `categories_parent_id_foreign` FOREIGN KEY (`parent_id`) REFERENCES `categories` (`id`) ON DELETE CASCADE ON UPDATE SET NULL
) ENGINE=InnoDB AUTO_INCREMENT=9 DEFAULT CHARSET=utf8mb4 COLLATE=utf8mb4_general_ci;

INSERT INTO `categories` (`id`, `category_name`, `description`, `parent_id`, `created_at`, `updated_at`, `deleted_at`) VALUES ('1', 'ID Card Materials', 'PVC cards, ribbons, laminates', NULL, '2026-03-22 13:31:48', '2026-03-23 10:47:18', '2026-03-23 10:47:18');
INSERT INTO `categories` (`id`, `category_name`, `description`, `parent_id`, `created_at`, `updated_at`, `deleted_at`) VALUES ('2', 'Printer Parts', 'Print heads, rollers, maintenance kits', NULL, '2026-03-22 13:31:48', '2026-03-22 13:31:48', NULL);
INSERT INTO `categories` (`id`, `category_name`, `description`, `parent_id`, `created_at`, `updated_at`, `deleted_at`) VALUES ('3', 'Printing Materials', 'Inks, toners, paper, card stock', NULL, '2026-03-22 13:31:48', '2026-03-22 13:31:48', NULL);
INSERT INTO `categories` (`id`, `category_name`, `description`, `parent_id`, `created_at`, `updated_at`, `deleted_at`) VALUES ('4', 'Laminating Materials', 'Laminating sheets, pouches', NULL, '2026-03-22 13:31:48', '2026-03-22 13:31:48', NULL);
INSERT INTO `categories` (`id`, `category_name`, `description`, `parent_id`, `created_at`, `updated_at`, `deleted_at`) VALUES ('5', 'Office Supplies', 'Stationery, labels, envelopes', NULL, '2026-03-22 13:31:48', '2026-03-22 13:31:48', NULL);
INSERT INTO `categories` (`id`, `category_name`, `description`, `parent_id`, `created_at`, `updated_at`, `deleted_at`) VALUES ('6', 'Equipments', 'Printers, laminators', NULL, '2026-03-22 13:31:48', '2026-03-23 10:46:53', NULL);
INSERT INTO `categories` (`id`, `category_name`, `description`, `parent_id`, `created_at`, `updated_at`, `deleted_at`) VALUES ('7', 'test ', 'test', NULL, '2026-03-23 11:01:55', '2026-03-23 11:02:09', '2026-03-23 11:02:09');
INSERT INTO `categories` (`id`, `category_name`, `description`, `parent_id`, `created_at`, `updated_at`, `deleted_at`) VALUES ('8', 'Papetry', 'this has to do with paper materials', NULL, '2026-03-23 11:02:32', '2026-03-23 11:02:32', NULL);



DROP TABLE IF EXISTS `currency_rates`;
CREATE TABLE `currency_rates` (
  `id` int(11) unsigned NOT NULL AUTO_INCREMENT,
  `base_currency` varchar(3) NOT NULL DEFAULT 'USD',
  `target_currency` varchar(3) NOT NULL,
  `rate` decimal(10,4) NOT NULL,
  `date` date NOT NULL,
  `created_at` datetime DEFAULT NULL,
  PRIMARY KEY (`id`),
  KEY `base_currency_target_currency_date` (`base_currency`,`target_currency`,`date`)
) ENGINE=InnoDB AUTO_INCREMENT=2 DEFAULT CHARSET=utf8mb4 COLLATE=utf8mb4_general_ci;

INSERT INTO `currency_rates` (`id`, `base_currency`, `target_currency`, `rate`, `date`, `created_at`) VALUES ('1', 'USD', 'LRD', '180.0000', '2026-03-22', '2026-03-22 13:31:48');



DROP TABLE IF EXISTS `customers`;
CREATE TABLE `customers` (
  `id` int(11) unsigned NOT NULL AUTO_INCREMENT,
  `customer_name` varchar(255) NOT NULL,
  `business_name` varchar(255) DEFAULT NULL,
  `phone` varchar(50) NOT NULL,
  `email` varchar(255) DEFAULT NULL,
  `address` text DEFAULT NULL,
  `tax_number` varchar(100) DEFAULT NULL,
  `credit_limit` decimal(15,2) NOT NULL DEFAULT 0.00,
  `payment_terms` varchar(100) DEFAULT NULL,
  `created_by` int(11) unsigned NOT NULL,
  `updated_by` int(11) unsigned DEFAULT NULL,
  `created_at` datetime DEFAULT NULL,
  `updated_at` datetime DEFAULT NULL,
  `deleted_at` datetime DEFAULT NULL,
  PRIMARY KEY (`id`),
  KEY `customers_created_by_foreign` (`created_by`),
  KEY `customers_updated_by_foreign` (`updated_by`),
  CONSTRAINT `customers_created_by_foreign` FOREIGN KEY (`created_by`) REFERENCES `users` (`id`) ON DELETE CASCADE,
  CONSTRAINT `customers_updated_by_foreign` FOREIGN KEY (`updated_by`) REFERENCES `users` (`id`) ON DELETE CASCADE ON UPDATE SET NULL
) ENGINE=InnoDB AUTO_INCREMENT=2 DEFAULT CHARSET=utf8mb4 COLLATE=utf8mb4_general_ci;

INSERT INTO `customers` (`id`, `customer_name`, `business_name`, `phone`, `email`, `address`, `tax_number`, `credit_limit`, `payment_terms`, `created_by`, `updated_by`, `created_at`, `updated_at`, `deleted_at`) VALUES ('1', 'Same G', 'Sethi Brother', '0775577736', 'testemail@gmail.com', 'New Georgia Gulf', NULL, '500.00', NULL, '1', NULL, '2026-03-23 13:53:02', '2026-03-23 13:53:02', NULL);



DROP TABLE IF EXISTS `expense_categories`;
CREATE TABLE `expense_categories` (
  `id` int(11) unsigned NOT NULL AUTO_INCREMENT,
  `category_name` varchar(100) NOT NULL,
  `description` text DEFAULT NULL,
  `created_at` datetime DEFAULT NULL,
  `updated_at` datetime DEFAULT NULL,
  PRIMARY KEY (`id`)
) ENGINE=InnoDB AUTO_INCREMENT=10 DEFAULT CHARSET=utf8mb4 COLLATE=utf8mb4_general_ci;

INSERT INTO `expense_categories` (`id`, `category_name`, `description`, `created_at`, `updated_at`) VALUES ('1', 'Electricity', 'Power bills', '2026-03-22 13:31:48', '2026-03-22 13:31:48');
INSERT INTO `expense_categories` (`id`, `category_name`, `description`, `created_at`, `updated_at`) VALUES ('2', 'Internet', 'Internet service', '2026-03-22 13:31:48', '2026-03-22 13:31:48');
INSERT INTO `expense_categories` (`id`, `category_name`, `description`, `created_at`, `updated_at`) VALUES ('3', 'Staff Salary', 'Employee salaries', '2026-03-22 13:31:48', '2026-03-22 13:31:48');
INSERT INTO `expense_categories` (`id`, `category_name`, `description`, `created_at`, `updated_at`) VALUES ('4', 'Maintenance', 'Equipment maintenance', '2026-03-22 13:31:48', '2026-03-22 13:31:48');
INSERT INTO `expense_categories` (`id`, `category_name`, `description`, `created_at`, `updated_at`) VALUES ('5', 'Transport', 'Transportation costs', '2026-03-22 13:31:48', '2026-03-22 13:31:48');
INSERT INTO `expense_categories` (`id`, `category_name`, `description`, `created_at`, `updated_at`) VALUES ('6', 'Equipment Repair', 'Repair costs', '2026-03-22 13:31:48', '2026-03-22 13:31:48');
INSERT INTO `expense_categories` (`id`, `category_name`, `description`, `created_at`, `updated_at`) VALUES ('7', 'Rent', 'Office/Shop rent', '2026-03-22 13:31:48', '2026-03-22 13:31:48');
INSERT INTO `expense_categories` (`id`, `category_name`, `description`, `created_at`, `updated_at`) VALUES ('8', 'Consumables', 'Office consumables', '2026-03-22 13:31:48', '2026-03-22 13:31:48');
INSERT INTO `expense_categories` (`id`, `category_name`, `description`, `created_at`, `updated_at`) VALUES ('9', 'Other', 'Miscellaneous expenses', '2026-03-22 13:31:48', '2026-03-22 13:31:48');



DROP TABLE IF EXISTS `expenses`;
CREATE TABLE `expenses` (
  `id` int(11) unsigned NOT NULL AUTO_INCREMENT,
  `expense_category_id` int(11) unsigned NOT NULL,
  `amount` decimal(15,2) NOT NULL,
  `currency` enum('LRD','USD') NOT NULL DEFAULT 'LRD',
  `exchange_rate` decimal(10,4) DEFAULT NULL,
  `expense_date` date NOT NULL,
  `description` text DEFAULT NULL,
  `receipt_image` varchar(255) DEFAULT NULL,
  `created_by` int(11) unsigned NOT NULL,
  `updated_by` int(11) unsigned DEFAULT NULL,
  `created_at` datetime DEFAULT NULL,
  `updated_at` datetime DEFAULT NULL,
  `deleted_at` datetime DEFAULT NULL,
  PRIMARY KEY (`id`),
  KEY `expenses_created_by_foreign` (`created_by`),
  KEY `expenses_updated_by_foreign` (`updated_by`),
  KEY `expense_category_id` (`expense_category_id`),
  CONSTRAINT `expenses_created_by_foreign` FOREIGN KEY (`created_by`) REFERENCES `users` (`id`) ON DELETE CASCADE,
  CONSTRAINT `expenses_expense_category_id_foreign` FOREIGN KEY (`expense_category_id`) REFERENCES `expense_categories` (`id`) ON DELETE CASCADE,
  CONSTRAINT `expenses_updated_by_foreign` FOREIGN KEY (`updated_by`) REFERENCES `users` (`id`) ON DELETE CASCADE ON UPDATE SET NULL
) ENGINE=InnoDB AUTO_INCREMENT=2 DEFAULT CHARSET=utf8mb4 COLLATE=utf8mb4_general_ci;

INSERT INTO `expenses` (`id`, `expense_category_id`, `amount`, `currency`, `exchange_rate`, `expense_date`, `description`, `receipt_image`, `created_by`, `updated_by`, `created_at`, `updated_at`, `deleted_at`) VALUES ('1', '1', '250.00', 'USD', '180.0000', '2026-03-23', 'Paid 200 Lrd for electricity this morning', 'uploads/receipts/1774277057_c6d3408211600e354b57.jpg', '1', '1', '2026-03-23 14:44:17', '2026-03-23 14:45:59', NULL);



DROP TABLE IF EXISTS `inventory_adjustments`;
CREATE TABLE `inventory_adjustments` (
  `id` int(11) unsigned NOT NULL AUTO_INCREMENT,
  `product_id` int(11) unsigned NOT NULL,
  `adjustment_type` enum('Increase','Decrease') NOT NULL,
  `quantity` decimal(15,2) NOT NULL,
  `previous_quantity` decimal(15,2) NOT NULL,
  `new_quantity` decimal(15,2) NOT NULL,
  `reason` varchar(255) NOT NULL,
  `notes` text DEFAULT NULL,
  `created_by` int(11) unsigned NOT NULL,
  `created_at` datetime DEFAULT NULL,
  PRIMARY KEY (`id`),
  KEY `inventory_adjustments_created_by_foreign` (`created_by`),
  KEY `product_id` (`product_id`),
  CONSTRAINT `inventory_adjustments_created_by_foreign` FOREIGN KEY (`created_by`) REFERENCES `users` (`id`) ON DELETE CASCADE,
  CONSTRAINT `inventory_adjustments_product_id_foreign` FOREIGN KEY (`product_id`) REFERENCES `products` (`id`) ON DELETE CASCADE
) ENGINE=InnoDB DEFAULT CHARSET=utf8mb4 COLLATE=utf8mb4_general_ci;



DROP TABLE IF EXISTS `migrations`;
CREATE TABLE `migrations` (
  `id` bigint(20) unsigned NOT NULL AUTO_INCREMENT,
  `version` varchar(255) NOT NULL,
  `class` varchar(255) NOT NULL,
  `group` varchar(255) NOT NULL,
  `namespace` varchar(255) NOT NULL,
  `time` int(11) NOT NULL,
  `batch` int(11) unsigned NOT NULL,
  PRIMARY KEY (`id`)
) ENGINE=InnoDB AUTO_INCREMENT=14 DEFAULT CHARSET=utf8mb4 COLLATE=utf8mb4_general_ci;

INSERT INTO `migrations` (`id`, `version`, `class`, `group`, `namespace`, `time`, `batch`) VALUES ('1', '2026-03-22-120928', 'App\\Database\\Migrations\\CreateUsersTable', 'default', 'App', '1774186233', '1');
INSERT INTO `migrations` (`id`, `version`, `class`, `group`, `namespace`, `time`, `batch`) VALUES ('2', '2026-03-22-121145', 'App\\Database\\Migrations\\CreateSuppliersTable', 'default', 'App', '1774186233', '1');
INSERT INTO `migrations` (`id`, `version`, `class`, `group`, `namespace`, `time`, `batch`) VALUES ('3', '2026-03-22-121225', 'App\\Database\\Migrations\\CreateCategoriesAndProductsTable', 'default', 'App', '1774186233', '1');
INSERT INTO `migrations` (`id`, `version`, `class`, `group`, `namespace`, `time`, `batch`) VALUES ('4', '2026-03-22-121442', 'App\\Database\\Migrations\\CreateCustomersTable', 'default', 'App', '1774186233', '1');
INSERT INTO `migrations` (`id`, `version`, `class`, `group`, `namespace`, `time`, `batch`) VALUES ('5', '2026-03-22-121636', 'App\\Database\\Migrations\\CreatePurchasesTable', 'default', 'App', '1774186233', '1');
INSERT INTO `migrations` (`id`, `version`, `class`, `group`, `namespace`, `time`, `batch`) VALUES ('6', '2026-03-22-121728', 'App\\Database\\Migrations\\CreateSalesTable', 'default', 'App', '1774186233', '1');
INSERT INTO `migrations` (`id`, `version`, `class`, `group`, `namespace`, `time`, `batch`) VALUES ('7', '2026-03-22-121817', 'App\\Database\\Migrations\\CreateExpensesTable', 'default', 'App', '1774186233', '1');
INSERT INTO `migrations` (`id`, `version`, `class`, `group`, `namespace`, `time`, `batch`) VALUES ('8', '2026-03-22-121851', 'App\\Database\\Migrations\\CreateProductionJobsTable', 'default', 'App', '1774186233', '1');
INSERT INTO `migrations` (`id`, `version`, `class`, `group`, `namespace`, `time`, `batch`) VALUES ('9', '2026-03-22-122238', 'App\\Database\\Migrations\\CreateInventoryAdjustmentsTable', 'default', 'App', '1774186233', '1');
INSERT INTO `migrations` (`id`, `version`, `class`, `group`, `namespace`, `time`, `batch`) VALUES ('10', '2026-03-22-122338', 'App\\Database\\Migrations\\CreateNotificationsTable', 'default', 'App', '1774186233', '1');
INSERT INTO `migrations` (`id`, `version`, `class`, `group`, `namespace`, `time`, `batch`) VALUES ('11', '2026-03-22-122417', 'App\\Database\\Migrations\\CreateAuditLogsTable', 'default', 'App', '1774186234', '1');
INSERT INTO `migrations` (`id`, `version`, `class`, `group`, `namespace`, `time`, `batch`) VALUES ('12', '2026-03-22-122506', 'App\\Database\\Migrations\\CreateSystemSettingsTable', 'default', 'App', '1774186234', '1');
INSERT INTO `migrations` (`id`, `version`, `class`, `group`, `namespace`, `time`, `batch`) VALUES ('13', '2026-03-22-122553', 'App\\Database\\Migrations\\CreateStockMovementsTable', 'default', 'App', '1774186234', '1');



DROP TABLE IF EXISTS `notifications`;
CREATE TABLE `notifications` (
  `id` int(11) unsigned NOT NULL AUTO_INCREMENT,
  `user_id` int(11) unsigned NOT NULL,
  `title` varchar(255) NOT NULL,
  `message` text NOT NULL,
  `type` varchar(50) NOT NULL,
  `link` varchar(255) DEFAULT NULL,
  `is_read` tinyint(1) NOT NULL DEFAULT 0,
  `created_at` datetime DEFAULT NULL,
  PRIMARY KEY (`id`),
  KEY `user_id` (`user_id`),
  CONSTRAINT `notifications_user_id_foreign` FOREIGN KEY (`user_id`) REFERENCES `users` (`id`) ON DELETE CASCADE ON UPDATE CASCADE
) ENGINE=InnoDB DEFAULT CHARSET=utf8mb4 COLLATE=utf8mb4_general_ci;



DROP TABLE IF EXISTS `permissions`;
CREATE TABLE `permissions` (
  `id` int(11) unsigned NOT NULL AUTO_INCREMENT,
  `permission_name` varchar(100) NOT NULL,
  `description` text DEFAULT NULL,
  `created_at` datetime DEFAULT NULL,
  `updated_at` datetime DEFAULT NULL,
  PRIMARY KEY (`id`),
  UNIQUE KEY `permission_name` (`permission_name`)
) ENGINE=InnoDB AUTO_INCREMENT=18 DEFAULT CHARSET=utf8mb4 COLLATE=utf8mb4_general_ci;

INSERT INTO `permissions` (`id`, `permission_name`, `description`, `created_at`, `updated_at`) VALUES ('1', 'manage_users', 'Create, edit, delete users', NULL, NULL);
INSERT INTO `permissions` (`id`, `permission_name`, `description`, `created_at`, `updated_at`) VALUES ('2', 'manage_settings', 'Configure system settings', NULL, NULL);
INSERT INTO `permissions` (`id`, `permission_name`, `description`, `created_at`, `updated_at`) VALUES ('3', 'view_audit_logs', 'View audit logs', NULL, NULL);
INSERT INTO `permissions` (`id`, `permission_name`, `description`, `created_at`, `updated_at`) VALUES ('4', 'manage_backup', 'Manage backups', NULL, NULL);
INSERT INTO `permissions` (`id`, `permission_name`, `description`, `created_at`, `updated_at`) VALUES ('5', 'delete_records', 'Permanently delete records', NULL, NULL);
INSERT INTO `permissions` (`id`, `permission_name`, `description`, `created_at`, `updated_at`) VALUES ('6', 'manage_products', 'Add, edit products', NULL, NULL);
INSERT INTO `permissions` (`id`, `permission_name`, `description`, `created_at`, `updated_at`) VALUES ('7', 'manage_purchases', 'Create and manage purchases', NULL, NULL);
INSERT INTO `permissions` (`id`, `permission_name`, `description`, `created_at`, `updated_at`) VALUES ('8', 'manage_sales', 'Create and manage sales', NULL, NULL);
INSERT INTO `permissions` (`id`, `permission_name`, `description`, `created_at`, `updated_at`) VALUES ('9', 'manage_customers', 'Manage customer records', NULL, NULL);
INSERT INTO `permissions` (`id`, `permission_name`, `description`, `created_at`, `updated_at`) VALUES ('10', 'manage_suppliers', 'Manage supplier records', NULL, NULL);
INSERT INTO `permissions` (`id`, `permission_name`, `description`, `created_at`, `updated_at`) VALUES ('11', 'manage_expenses', 'Record expenses', NULL, NULL);
INSERT INTO `permissions` (`id`, `permission_name`, `description`, `created_at`, `updated_at`) VALUES ('12', 'manage_production', 'Manage production jobs', NULL, NULL);
INSERT INTO `permissions` (`id`, `permission_name`, `description`, `created_at`, `updated_at`) VALUES ('13', 'view_reports', 'View all reports', NULL, NULL);
INSERT INTO `permissions` (`id`, `permission_name`, `description`, `created_at`, `updated_at`) VALUES ('14', 'record_stock_usage', 'Record stock usage for production', NULL, NULL);
INSERT INTO `permissions` (`id`, `permission_name`, `description`, `created_at`, `updated_at`) VALUES ('15', 'create_sales', 'Create sales transactions', NULL, NULL);
INSERT INTO `permissions` (`id`, `permission_name`, `description`, `created_at`, `updated_at`) VALUES ('16', 'view_inventory', 'View inventory list', NULL, NULL);
INSERT INTO `permissions` (`id`, `permission_name`, `description`, `created_at`, `updated_at`) VALUES ('17', 'view_customers', 'View customer list', NULL, NULL);



DROP TABLE IF EXISTS `production_jobs`;
CREATE TABLE `production_jobs` (
  `id` int(11) unsigned NOT NULL AUTO_INCREMENT,
  `job_reference` varchar(100) NOT NULL,
  `job_name` varchar(255) NOT NULL,
  `production_date` date NOT NULL,
  `finished_product_id` int(11) unsigned DEFAULT NULL,
  `quantity_produced` decimal(15,2) NOT NULL DEFAULT 0.00,
  `total_material_cost` decimal(15,2) NOT NULL DEFAULT 0.00,
  `currency` enum('LRD','USD') NOT NULL DEFAULT 'LRD',
  `exchange_rate` decimal(10,4) DEFAULT NULL,
  `notes` text DEFAULT NULL,
  `status` enum('Draft','Completed','Cancelled') NOT NULL DEFAULT 'Draft',
  `created_by` int(11) unsigned NOT NULL,
  `updated_by` int(11) unsigned DEFAULT NULL,
  `created_at` datetime DEFAULT NULL,
  `updated_at` datetime DEFAULT NULL,
  `deleted_at` datetime DEFAULT NULL,
  PRIMARY KEY (`id`),
  UNIQUE KEY `job_reference` (`job_reference`),
  KEY `production_jobs_created_by_foreign` (`created_by`),
  KEY `production_jobs_updated_by_foreign` (`updated_by`),
  KEY `finished_product_id` (`finished_product_id`),
  CONSTRAINT `production_jobs_created_by_foreign` FOREIGN KEY (`created_by`) REFERENCES `users` (`id`) ON DELETE CASCADE,
  CONSTRAINT `production_jobs_finished_product_id_foreign` FOREIGN KEY (`finished_product_id`) REFERENCES `products` (`id`) ON DELETE CASCADE ON UPDATE SET NULL,
  CONSTRAINT `production_jobs_updated_by_foreign` FOREIGN KEY (`updated_by`) REFERENCES `users` (`id`) ON DELETE CASCADE ON UPDATE SET NULL
) ENGINE=InnoDB DEFAULT CHARSET=utf8mb4 COLLATE=utf8mb4_general_ci;



DROP TABLE IF EXISTS `production_materials`;
CREATE TABLE `production_materials` (
  `id` int(11) unsigned NOT NULL AUTO_INCREMENT,
  `production_job_id` int(11) unsigned NOT NULL,
  `product_id` int(11) unsigned NOT NULL,
  `quantity_used` decimal(15,2) NOT NULL,
  `unit_cost` decimal(15,2) NOT NULL,
  `total_cost` decimal(15,2) NOT NULL,
  `created_at` datetime DEFAULT NULL,
  `updated_at` datetime DEFAULT NULL,
  PRIMARY KEY (`id`),
  KEY `production_job_id` (`production_job_id`),
  KEY `product_id` (`product_id`),
  CONSTRAINT `production_materials_product_id_foreign` FOREIGN KEY (`product_id`) REFERENCES `products` (`id`) ON DELETE CASCADE,
  CONSTRAINT `production_materials_production_job_id_foreign` FOREIGN KEY (`production_job_id`) REFERENCES `production_jobs` (`id`) ON DELETE CASCADE ON UPDATE CASCADE
) ENGINE=InnoDB DEFAULT CHARSET=utf8mb4 COLLATE=utf8mb4_general_ci;



DROP TABLE IF EXISTS `products`;
CREATE TABLE `products` (
  `id` int(11) unsigned NOT NULL AUTO_INCREMENT,
  `product_name` varchar(255) NOT NULL,
  `sku` varchar(100) NOT NULL,
  `barcode` varchar(100) DEFAULT NULL,
  `qr_code` text DEFAULT NULL,
  `description` text DEFAULT NULL,
  `category_id` int(11) unsigned NOT NULL,
  `unit_id` int(11) unsigned NOT NULL,
  `supplier_id` int(11) unsigned DEFAULT NULL,
  `purchase_price` decimal(15,2) NOT NULL DEFAULT 0.00,
  `selling_price` decimal(15,2) NOT NULL DEFAULT 0.00,
  `quantity` decimal(15,2) NOT NULL DEFAULT 0.00,
  `minimum_stock` decimal(15,2) NOT NULL DEFAULT 0.00,
  `product_image` varchar(255) DEFAULT NULL,
  `created_by` int(11) unsigned NOT NULL,
  `updated_by` int(11) unsigned DEFAULT NULL,
  `created_at` datetime DEFAULT NULL,
  `updated_at` datetime DEFAULT NULL,
  `deleted_at` datetime DEFAULT NULL,
  PRIMARY KEY (`id`),
  UNIQUE KEY `sku` (`sku`),
  UNIQUE KEY `barcode` (`barcode`),
  KEY `products_created_by_foreign` (`created_by`),
  KEY `products_updated_by_foreign` (`updated_by`),
  KEY `category_id` (`category_id`),
  KEY `unit_id` (`unit_id`),
  KEY `supplier_id` (`supplier_id`),
  CONSTRAINT `products_category_id_foreign` FOREIGN KEY (`category_id`) REFERENCES `categories` (`id`) ON DELETE CASCADE,
  CONSTRAINT `products_created_by_foreign` FOREIGN KEY (`created_by`) REFERENCES `users` (`id`) ON DELETE CASCADE,
  CONSTRAINT `products_supplier_id_foreign` FOREIGN KEY (`supplier_id`) REFERENCES `suppliers` (`id`) ON DELETE CASCADE ON UPDATE SET NULL,
  CONSTRAINT `products_unit_id_foreign` FOREIGN KEY (`unit_id`) REFERENCES `units` (`id`) ON DELETE CASCADE,
  CONSTRAINT `products_updated_by_foreign` FOREIGN KEY (`updated_by`) REFERENCES `users` (`id`) ON DELETE CASCADE ON UPDATE SET NULL
) ENGINE=InnoDB DEFAULT CHARSET=utf8mb4 COLLATE=utf8mb4_general_ci;



DROP TABLE IF EXISTS `purchase_items`;
CREATE TABLE `purchase_items` (
  `id` int(11) unsigned NOT NULL AUTO_INCREMENT,
  `purchase_id` int(11) unsigned NOT NULL,
  `product_id` int(11) unsigned NOT NULL,
  `quantity` decimal(15,2) NOT NULL,
  `unit_price` decimal(15,2) NOT NULL,
  `total_price` decimal(15,2) NOT NULL,
  `created_at` datetime DEFAULT NULL,
  `updated_at` datetime DEFAULT NULL,
  PRIMARY KEY (`id`),
  KEY `purchase_items_purchase_id_foreign` (`purchase_id`),
  KEY `purchase_items_product_id_foreign` (`product_id`),
  CONSTRAINT `purchase_items_product_id_foreign` FOREIGN KEY (`product_id`) REFERENCES `products` (`id`) ON DELETE CASCADE,
  CONSTRAINT `purchase_items_purchase_id_foreign` FOREIGN KEY (`purchase_id`) REFERENCES `purchases` (`id`) ON DELETE CASCADE ON UPDATE CASCADE
) ENGINE=InnoDB DEFAULT CHARSET=utf8mb4 COLLATE=utf8mb4_general_ci;



DROP TABLE IF EXISTS `purchases`;
CREATE TABLE `purchases` (
  `id` int(11) unsigned NOT NULL AUTO_INCREMENT,
  `purchase_number` varchar(100) NOT NULL,
  `supplier_id` int(11) unsigned DEFAULT NULL,
  `supplier_name` varchar(255) DEFAULT NULL,
  `invoice_number` varchar(100) DEFAULT NULL,
  `purchase_date` date NOT NULL,
  `subtotal` decimal(15,2) NOT NULL DEFAULT 0.00,
  `tax` decimal(15,2) NOT NULL DEFAULT 0.00,
  `discount` decimal(15,2) NOT NULL DEFAULT 0.00,
  `total_amount` decimal(15,2) NOT NULL DEFAULT 0.00,
  `currency` enum('LRD','USD') NOT NULL DEFAULT 'LRD',
  `exchange_rate` decimal(10,4) DEFAULT NULL,
  `payment_status` enum('Paid','Unpaid','Partial') NOT NULL DEFAULT 'Unpaid',
  `payment_method` varchar(50) DEFAULT NULL,
  `notes` text DEFAULT NULL,
  `status` enum('Draft','Received','Cancelled') NOT NULL DEFAULT 'Draft',
  `created_by` int(11) unsigned NOT NULL,
  `updated_by` int(11) unsigned DEFAULT NULL,
  `created_at` datetime DEFAULT NULL,
  `updated_at` datetime DEFAULT NULL,
  `deleted_at` datetime DEFAULT NULL,
  PRIMARY KEY (`id`),
  UNIQUE KEY `purchase_number` (`purchase_number`),
  KEY `purchases_supplier_id_foreign` (`supplier_id`),
  KEY `purchases_created_by_foreign` (`created_by`),
  KEY `purchases_updated_by_foreign` (`updated_by`),
  CONSTRAINT `purchases_created_by_foreign` FOREIGN KEY (`created_by`) REFERENCES `users` (`id`) ON DELETE CASCADE,
  CONSTRAINT `purchases_supplier_id_foreign` FOREIGN KEY (`supplier_id`) REFERENCES `suppliers` (`id`) ON DELETE CASCADE ON UPDATE SET NULL,
  CONSTRAINT `purchases_updated_by_foreign` FOREIGN KEY (`updated_by`) REFERENCES `users` (`id`) ON DELETE CASCADE ON UPDATE SET NULL
) ENGINE=InnoDB DEFAULT CHARSET=utf8mb4 COLLATE=utf8mb4_general_ci;



DROP TABLE IF EXISTS `role_permissions`;
CREATE TABLE `role_permissions` (
  `id` int(11) unsigned NOT NULL AUTO_INCREMENT,
  `role_id` int(11) unsigned NOT NULL,
  `permission_id` int(11) unsigned NOT NULL,
  `created_at` datetime DEFAULT NULL,
  PRIMARY KEY (`id`),
  UNIQUE KEY `role_id_permission_id` (`role_id`,`permission_id`),
  KEY `role_permissions_permission_id_foreign` (`permission_id`),
  CONSTRAINT `role_permissions_permission_id_foreign` FOREIGN KEY (`permission_id`) REFERENCES `permissions` (`id`) ON DELETE CASCADE ON UPDATE CASCADE,
  CONSTRAINT `role_permissions_role_id_foreign` FOREIGN KEY (`role_id`) REFERENCES `roles` (`id`) ON DELETE CASCADE ON UPDATE CASCADE
) ENGINE=InnoDB AUTO_INCREMENT=30 DEFAULT CHARSET=utf8mb4 COLLATE=utf8mb4_general_ci;

INSERT INTO `role_permissions` (`id`, `role_id`, `permission_id`, `created_at`) VALUES ('1', '1', '1', '2026-03-22 13:31:48');
INSERT INTO `role_permissions` (`id`, `role_id`, `permission_id`, `created_at`) VALUES ('2', '1', '2', '2026-03-22 13:31:48');
INSERT INTO `role_permissions` (`id`, `role_id`, `permission_id`, `created_at`) VALUES ('3', '1', '3', '2026-03-22 13:31:48');
INSERT INTO `role_permissions` (`id`, `role_id`, `permission_id`, `created_at`) VALUES ('4', '1', '4', '2026-03-22 13:31:48');
INSERT INTO `role_permissions` (`id`, `role_id`, `permission_id`, `created_at`) VALUES ('5', '1', '5', '2026-03-22 13:31:48');
INSERT INTO `role_permissions` (`id`, `role_id`, `permission_id`, `created_at`) VALUES ('6', '1', '6', '2026-03-22 13:31:48');
INSERT INTO `role_permissions` (`id`, `role_id`, `permission_id`, `created_at`) VALUES ('7', '1', '7', '2026-03-22 13:31:48');
INSERT INTO `role_permissions` (`id`, `role_id`, `permission_id`, `created_at`) VALUES ('8', '1', '8', '2026-03-22 13:31:48');
INSERT INTO `role_permissions` (`id`, `role_id`, `permission_id`, `created_at`) VALUES ('9', '1', '9', '2026-03-22 13:31:48');
INSERT INTO `role_permissions` (`id`, `role_id`, `permission_id`, `created_at`) VALUES ('10', '1', '10', '2026-03-22 13:31:48');
INSERT INTO `role_permissions` (`id`, `role_id`, `permission_id`, `created_at`) VALUES ('11', '1', '11', '2026-03-22 13:31:48');
INSERT INTO `role_permissions` (`id`, `role_id`, `permission_id`, `created_at`) VALUES ('12', '1', '12', '2026-03-22 13:31:48');
INSERT INTO `role_permissions` (`id`, `role_id`, `permission_id`, `created_at`) VALUES ('13', '1', '13', '2026-03-22 13:31:48');
INSERT INTO `role_permissions` (`id`, `role_id`, `permission_id`, `created_at`) VALUES ('14', '1', '14', '2026-03-22 13:31:48');
INSERT INTO `role_permissions` (`id`, `role_id`, `permission_id`, `created_at`) VALUES ('15', '1', '15', '2026-03-22 13:31:48');
INSERT INTO `role_permissions` (`id`, `role_id`, `permission_id`, `created_at`) VALUES ('16', '1', '16', '2026-03-22 13:31:48');
INSERT INTO `role_permissions` (`id`, `role_id`, `permission_id`, `created_at`) VALUES ('17', '1', '17', '2026-03-22 13:31:48');
INSERT INTO `role_permissions` (`id`, `role_id`, `permission_id`, `created_at`) VALUES ('18', '2', '6', '2026-03-22 13:31:48');
INSERT INTO `role_permissions` (`id`, `role_id`, `permission_id`, `created_at`) VALUES ('19', '2', '7', '2026-03-22 13:31:48');
INSERT INTO `role_permissions` (`id`, `role_id`, `permission_id`, `created_at`) VALUES ('20', '2', '8', '2026-03-22 13:31:48');
INSERT INTO `role_permissions` (`id`, `role_id`, `permission_id`, `created_at`) VALUES ('21', '2', '9', '2026-03-22 13:31:48');
INSERT INTO `role_permissions` (`id`, `role_id`, `permission_id`, `created_at`) VALUES ('22', '2', '10', '2026-03-22 13:31:48');
INSERT INTO `role_permissions` (`id`, `role_id`, `permission_id`, `created_at`) VALUES ('23', '2', '11', '2026-03-22 13:31:48');
INSERT INTO `role_permissions` (`id`, `role_id`, `permission_id`, `created_at`) VALUES ('24', '2', '12', '2026-03-22 13:31:48');
INSERT INTO `role_permissions` (`id`, `role_id`, `permission_id`, `created_at`) VALUES ('25', '2', '13', '2026-03-22 13:31:48');
INSERT INTO `role_permissions` (`id`, `role_id`, `permission_id`, `created_at`) VALUES ('26', '3', '14', '2026-03-22 13:31:48');
INSERT INTO `role_permissions` (`id`, `role_id`, `permission_id`, `created_at`) VALUES ('27', '3', '15', '2026-03-22 13:31:48');
INSERT INTO `role_permissions` (`id`, `role_id`, `permission_id`, `created_at`) VALUES ('28', '3', '16', '2026-03-22 13:31:48');
INSERT INTO `role_permissions` (`id`, `role_id`, `permission_id`, `created_at`) VALUES ('29', '3', '17', '2026-03-22 13:31:48');



DROP TABLE IF EXISTS `roles`;
CREATE TABLE `roles` (
  `id` int(11) unsigned NOT NULL AUTO_INCREMENT,
  `role_name` varchar(50) NOT NULL,
  `description` text DEFAULT NULL,
  `created_at` datetime DEFAULT NULL,
  `updated_at` datetime DEFAULT NULL,
  `deleted_at` datetime DEFAULT NULL,
  PRIMARY KEY (`id`),
  UNIQUE KEY `role_name` (`role_name`)
) ENGINE=InnoDB AUTO_INCREMENT=5 DEFAULT CHARSET=utf8mb4 COLLATE=utf8mb4_general_ci;

INSERT INTO `roles` (`id`, `role_name`, `description`, `created_at`, `updated_at`, `deleted_at`) VALUES ('1', 'Admin', 'Full system control and configuration', '2026-03-22 13:31:48', '2026-03-22 13:31:48', NULL);
INSERT INTO `roles` (`id`, `role_name`, `description`, `created_at`, `updated_at`, `deleted_at`) VALUES ('2', 'Manager', 'Day-to-day operations and reporting', '2026-03-22 13:31:48', '2026-03-22 13:31:48', NULL);
INSERT INTO `roles` (`id`, `role_name`, `description`, `created_at`, `updated_at`, `deleted_at`) VALUES ('3', 'Staff', 'Basic data entry and viewing', '2026-03-22 13:31:48', '2026-03-22 13:31:48', NULL);



DROP TABLE IF EXISTS `sale_items`;
CREATE TABLE `sale_items` (
  `id` int(11) unsigned NOT NULL AUTO_INCREMENT,
  `sale_id` int(11) unsigned NOT NULL,
  `product_id` int(11) unsigned NOT NULL,
  `quantity` decimal(15,2) NOT NULL,
  `unit_price` decimal(15,2) NOT NULL,
  `discount` decimal(15,2) NOT NULL DEFAULT 0.00,
  `total_price` decimal(15,2) NOT NULL,
  `created_at` datetime DEFAULT NULL,
  `updated_at` datetime DEFAULT NULL,
  PRIMARY KEY (`id`),
  KEY `sale_items_sale_id_foreign` (`sale_id`),
  KEY `sale_items_product_id_foreign` (`product_id`),
  CONSTRAINT `sale_items_product_id_foreign` FOREIGN KEY (`product_id`) REFERENCES `products` (`id`) ON DELETE CASCADE,
  CONSTRAINT `sale_items_sale_id_foreign` FOREIGN KEY (`sale_id`) REFERENCES `sales` (`id`) ON DELETE CASCADE ON UPDATE CASCADE
) ENGINE=InnoDB DEFAULT CHARSET=utf8mb4 COLLATE=utf8mb4_general_ci;



DROP TABLE IF EXISTS `sales`;
CREATE TABLE `sales` (
  `id` int(11) unsigned NOT NULL AUTO_INCREMENT,
  `invoice_number` varchar(100) NOT NULL,
  `customer_id` int(11) unsigned DEFAULT NULL,
  `customer_name` varchar(255) DEFAULT NULL,
  `customer_phone` varchar(50) DEFAULT NULL,
  `customer_email` varchar(255) DEFAULT NULL,
  `sale_date` date NOT NULL,
  `subtotal` decimal(15,2) NOT NULL DEFAULT 0.00,
  `tax` decimal(15,2) NOT NULL DEFAULT 0.00,
  `discount` decimal(15,2) NOT NULL DEFAULT 0.00,
  `total_amount` decimal(15,2) NOT NULL DEFAULT 0.00,
  `currency` enum('LRD','USD') NOT NULL DEFAULT 'LRD',
  `exchange_rate` decimal(10,4) DEFAULT NULL,
  `payment_method` varchar(50) NOT NULL,
  `payment_status` enum('Paid','Unpaid','Partial') NOT NULL DEFAULT 'Unpaid',
  `amount_paid` decimal(15,2) NOT NULL DEFAULT 0.00,
  `balance_due` decimal(15,2) NOT NULL DEFAULT 0.00,
  `notes` text DEFAULT NULL,
  `qr_code` text DEFAULT NULL,
  `created_by` int(11) unsigned NOT NULL,
  `updated_by` int(11) unsigned DEFAULT NULL,
  `created_at` datetime DEFAULT NULL,
  `updated_at` datetime DEFAULT NULL,
  `deleted_at` datetime DEFAULT NULL,
  PRIMARY KEY (`id`),
  UNIQUE KEY `invoice_number` (`invoice_number`),
  KEY `sales_customer_id_foreign` (`customer_id`),
  KEY `sales_created_by_foreign` (`created_by`),
  KEY `sales_updated_by_foreign` (`updated_by`),
  CONSTRAINT `sales_created_by_foreign` FOREIGN KEY (`created_by`) REFERENCES `users` (`id`) ON DELETE CASCADE,
  CONSTRAINT `sales_customer_id_foreign` FOREIGN KEY (`customer_id`) REFERENCES `customers` (`id`) ON DELETE CASCADE ON UPDATE SET NULL,
  CONSTRAINT `sales_updated_by_foreign` FOREIGN KEY (`updated_by`) REFERENCES `users` (`id`) ON DELETE CASCADE ON UPDATE SET NULL
) ENGINE=InnoDB DEFAULT CHARSET=utf8mb4 COLLATE=utf8mb4_general_ci;



DROP TABLE IF EXISTS `stock_movements`;
CREATE TABLE `stock_movements` (
  `id` int(11) unsigned NOT NULL AUTO_INCREMENT,
  `product_id` int(11) unsigned NOT NULL,
  `movement_type` enum('Purchase','Sale','Production','Adjustment') NOT NULL,
  `reference_type` varchar(50) NOT NULL,
  `reference_id` int(11) unsigned NOT NULL,
  `quantity` decimal(15,2) NOT NULL,
  `previous_quantity` decimal(15,2) NOT NULL,
  `new_quantity` decimal(15,2) NOT NULL,
  `unit_price` decimal(15,2) DEFAULT NULL,
  `total_value` decimal(15,2) DEFAULT NULL,
  `currency` enum('LRD','USD') NOT NULL DEFAULT 'LRD',
  `exchange_rate` decimal(10,4) DEFAULT NULL,
  `created_by` int(11) unsigned NOT NULL,
  `created_at` datetime DEFAULT NULL,
  PRIMARY KEY (`id`),
  KEY `stock_movements_created_by_foreign` (`created_by`),
  KEY `product_id` (`product_id`),
  KEY `reference_type_reference_id` (`reference_type`,`reference_id`),
  CONSTRAINT `stock_movements_created_by_foreign` FOREIGN KEY (`created_by`) REFERENCES `users` (`id`) ON DELETE CASCADE,
  CONSTRAINT `stock_movements_product_id_foreign` FOREIGN KEY (`product_id`) REFERENCES `products` (`id`) ON DELETE CASCADE
) ENGINE=InnoDB DEFAULT CHARSET=utf8mb4 COLLATE=utf8mb4_general_ci;



DROP TABLE IF EXISTS `suppliers`;
CREATE TABLE `suppliers` (
  `id` int(11) unsigned NOT NULL AUTO_INCREMENT,
  `supplier_name` varchar(255) NOT NULL,
  `contact_person` varchar(255) DEFAULT NULL,
  `phone` varchar(50) NOT NULL,
  `email` varchar(255) DEFAULT NULL,
  `address` text DEFAULT NULL,
  `tax_number` varchar(100) DEFAULT NULL,
  `payment_terms` varchar(100) DEFAULT NULL,
  `created_by` int(11) unsigned NOT NULL,
  `updated_by` int(11) unsigned DEFAULT NULL,
  `created_at` datetime DEFAULT NULL,
  `updated_at` datetime DEFAULT NULL,
  `deleted_at` datetime DEFAULT NULL,
  PRIMARY KEY (`id`),
  KEY `suppliers_created_by_foreign` (`created_by`),
  KEY `suppliers_updated_by_foreign` (`updated_by`),
  CONSTRAINT `suppliers_created_by_foreign` FOREIGN KEY (`created_by`) REFERENCES `users` (`id`) ON DELETE CASCADE,
  CONSTRAINT `suppliers_updated_by_foreign` FOREIGN KEY (`updated_by`) REFERENCES `users` (`id`) ON DELETE CASCADE ON UPDATE SET NULL
) ENGINE=InnoDB DEFAULT CHARSET=utf8mb4 COLLATE=utf8mb4_general_ci;



DROP TABLE IF EXISTS `system_settings`;
CREATE TABLE `system_settings` (
  `id` int(11) unsigned NOT NULL AUTO_INCREMENT,
  `setting_key` varchar(100) NOT NULL,
  `setting_value` text NOT NULL,
  `setting_type` varchar(50) NOT NULL DEFAULT 'string',
  `group` varchar(50) NOT NULL DEFAULT 'general',
  `created_at` datetime DEFAULT NULL,
  `updated_at` datetime DEFAULT NULL,
  PRIMARY KEY (`id`),
  UNIQUE KEY `setting_key` (`setting_key`)
) ENGINE=InnoDB AUTO_INCREMENT=13 DEFAULT CHARSET=utf8mb4 COLLATE=utf8mb4_general_ci;

INSERT INTO `system_settings` (`id`, `setting_key`, `setting_value`, `setting_type`, `group`, `created_at`, `updated_at`) VALUES ('1', 'business_name', 'Innovative Graphics Design & Computer Solutions', 'string', 'general', '2026-03-22 13:31:48', '2026-03-22 13:31:48');
INSERT INTO `system_settings` (`id`, `setting_key`, `setting_value`, `setting_type`, `group`, `created_at`, `updated_at`) VALUES ('2', 'business_address', 'Broad & Benson Streets, Metropolitan Building, Monrovia, Liberia', 'text', 'general', '2026-03-22 13:31:48', '2026-03-22 13:31:48');
INSERT INTO `system_settings` (`id`, `setting_key`, `setting_value`, `setting_type`, `group`, `created_at`, `updated_at`) VALUES ('3', 'business_phone', '+231-778-651-747 / 880-770-689', 'string', 'general', '2026-03-22 13:31:48', '2026-03-22 13:31:48');
INSERT INTO `system_settings` (`id`, `setting_key`, `setting_value`, `setting_type`, `group`, `created_at`, `updated_at`) VALUES ('4', 'business_email', 'info@innovativegraphics.com', 'string', 'general', '2026-03-22 13:31:48', '2026-03-22 13:31:48');
INSERT INTO `system_settings` (`id`, `setting_key`, `setting_value`, `setting_type`, `group`, `created_at`, `updated_at`) VALUES ('5', 'default_currency', 'LRD', 'string', 'currency', '2026-03-22 13:31:48', '2026-03-22 13:31:48');
INSERT INTO `system_settings` (`id`, `setting_key`, `setting_value`, `setting_type`, `group`, `created_at`, `updated_at`) VALUES ('6', 'currency_symbol_lrd', 'L$', 'string', 'currency', '2026-03-22 13:31:48', '2026-03-22 13:31:48');
INSERT INTO `system_settings` (`id`, `setting_key`, `setting_value`, `setting_type`, `group`, `created_at`, `updated_at`) VALUES ('7', 'currency_symbol_usd', '$', 'string', 'currency', '2026-03-22 13:31:48', '2026-03-22 13:31:48');
INSERT INTO `system_settings` (`id`, `setting_key`, `setting_value`, `setting_type`, `group`, `created_at`, `updated_at`) VALUES ('8', 'exchange_rate', '1.0', 'decimal', 'currency', '2026-03-22 13:31:48', '2026-03-22 13:31:48');
INSERT INTO `system_settings` (`id`, `setting_key`, `setting_value`, `setting_type`, `group`, `created_at`, `updated_at`) VALUES ('9', 'low_stock_threshold', '10', 'integer', 'inventory', '2026-03-22 13:31:48', '2026-03-22 13:31:48');
INSERT INTO `system_settings` (`id`, `setting_key`, `setting_value`, `setting_type`, `group`, `created_at`, `updated_at`) VALUES ('10', 'date_format', 'Y-m-d', 'string', 'general', '2026-03-22 13:31:48', '2026-03-22 13:31:48');
INSERT INTO `system_settings` (`id`, `setting_key`, `setting_value`, `setting_type`, `group`, `created_at`, `updated_at`) VALUES ('11', 'time_format', 'H:i:s', 'string', 'general', '2026-03-22 13:31:48', '2026-03-22 13:31:48');
INSERT INTO `system_settings` (`id`, `setting_key`, `setting_value`, `setting_type`, `group`, `created_at`, `updated_at`) VALUES ('12', 'session_timeout', '3600', 'integer', 'security', '2026-03-22 13:31:48', '2026-03-22 13:31:48');



DROP TABLE IF EXISTS `units`;
CREATE TABLE `units` (
  `id` int(11) unsigned NOT NULL AUTO_INCREMENT,
  `unit_name` varchar(50) NOT NULL,
  `unit_symbol` varchar(10) NOT NULL,
  `created_at` datetime DEFAULT NULL,
  `updated_at` datetime DEFAULT NULL,
  PRIMARY KEY (`id`),
  UNIQUE KEY `unit_name` (`unit_name`)
) ENGINE=InnoDB AUTO_INCREMENT=9 DEFAULT CHARSET=utf8mb4 COLLATE=utf8mb4_general_ci;

INSERT INTO `units` (`id`, `unit_name`, `unit_symbol`, `created_at`, `updated_at`) VALUES ('1', 'Pieces', 'pcs', '2026-03-22 13:31:48', '2026-03-22 13:31:48');
INSERT INTO `units` (`id`, `unit_name`, `unit_symbol`, `created_at`, `updated_at`) VALUES ('2', 'Pack', 'pack', '2026-03-22 13:31:48', '2026-03-22 13:31:48');
INSERT INTO `units` (`id`, `unit_name`, `unit_symbol`, `created_at`, `updated_at`) VALUES ('3', 'Sheet', 'sheet', '2026-03-22 13:31:48', '2026-03-22 13:31:48');
INSERT INTO `units` (`id`, `unit_name`, `unit_symbol`, `created_at`, `updated_at`) VALUES ('4', 'Roll', 'roll', '2026-03-22 13:31:48', '2026-03-22 13:31:48');
INSERT INTO `units` (`id`, `unit_name`, `unit_symbol`, `created_at`, `updated_at`) VALUES ('5', 'Box', 'box', '2026-03-22 13:31:48', '2026-03-22 13:31:48');
INSERT INTO `units` (`id`, `unit_name`, `unit_symbol`, `created_at`, `updated_at`) VALUES ('6', 'Kilogram', 'kg', '2026-03-22 13:31:48', '2026-03-22 13:31:48');
INSERT INTO `units` (`id`, `unit_name`, `unit_symbol`, `created_at`, `updated_at`) VALUES ('7', 'Liter', 'L', '2026-03-22 13:31:48', '2026-03-22 13:31:48');
INSERT INTO `units` (`id`, `unit_name`, `unit_symbol`, `created_at`, `updated_at`) VALUES ('8', 'Meter', 'm', '2026-03-22 13:31:48', '2026-03-22 13:31:48');



DROP TABLE IF EXISTS `users`;
CREATE TABLE `users` (
  `id` int(11) unsigned NOT NULL AUTO_INCREMENT,
  `username` varchar(100) NOT NULL,
  `email` varchar(255) NOT NULL,
  `password` varchar(255) NOT NULL,
  `full_name` varchar(255) NOT NULL,
  `phone` varchar(50) DEFAULT NULL,
  `role_id` int(11) unsigned NOT NULL,
  `is_active` tinyint(1) NOT NULL DEFAULT 1,
  `last_login` datetime DEFAULT NULL,
  `last_ip` varchar(45) DEFAULT NULL,
  `two_factor_secret` varchar(255) DEFAULT NULL,
  `two_factor_enabled` tinyint(1) NOT NULL DEFAULT 0,
  `reset_token` varchar(255) DEFAULT NULL,
  `reset_token_expiry` datetime DEFAULT NULL,
  `created_at` datetime DEFAULT NULL,
  `updated_at` datetime DEFAULT NULL,
  `deleted_at` datetime DEFAULT NULL,
  PRIMARY KEY (`id`),
  UNIQUE KEY `username` (`username`),
  UNIQUE KEY `email` (`email`),
  KEY `users_role_id_foreign` (`role_id`),
  CONSTRAINT `users_role_id_foreign` FOREIGN KEY (`role_id`) REFERENCES `roles` (`id`) ON DELETE CASCADE
) ENGINE=InnoDB AUTO_INCREMENT=2 DEFAULT CHARSET=utf8mb4 COLLATE=utf8mb4_general_ci;

INSERT INTO `users` (`id`, `username`, `email`, `password`, `full_name`, `phone`, `role_id`, `is_active`, `last_login`, `last_ip`, `two_factor_secret`, `two_factor_enabled`, `reset_token`, `reset_token_expiry`, `created_at`, `updated_at`, `deleted_at`) VALUES ('1', 'admin', 'admin@innovativegraphics.com', '$2y$10$XzBkquggyRLt8HNDwsg8ee0/6Fu7UIK6M74FdHzL0TpsIMFf2LAzu', 'System Administrator', '+231-778-651-747', '1', '1', '2026-03-23 10:42:59', '::1', NULL, '0', NULL, NULL, '2026-03-22 13:31:48', '2026-03-23 10:42:59', NULL);


SET FOREIGN_KEY_CHECKS=1;
